Date,Amount,description,statement,vendor,category,tag,payment method
12/30/24,200.0,"GOOGLE *ADS969111984CC@GOOGLE.COM       CA, GOOGLE *ADS969111984CC@GOOGLE.COM       CA",12/30/24 to 01/01/24,Google,COGS,paid media,amex
12/28/24,10.0,"GOOGLE *ADS969111984CC@GOOGLE.COM       CA, GOOGLE *ADS969111984CC@GOOGLE.COM       CA",12/30/24 to 01/01/24,Google,COGS,paid media,amex
12/28/24,50.0,"GOOGLE *ADS969111984CC@GOOGLE.COM       CA, GOOGLE *ADS969111984CC@GOOGLE.COM       CA",12/30/24 to 01/01/24,Google,COGS,paid media,amex
12/23/24,110.25,"UPWORK*-764964473REFSAN FRANCISCO, UPWORK*-764964473REFSAN FRANCISCO",12/30/24 to 01/01/24,Upwork,Professional fees,labor,amex
12/22/24,74.61,"GOOGLE *FI XZBZKV    G.CO/HELPPAY#      CA, GOOGLE *FI XZBZKV    G.CO/HELPPAY#      CA",12/30/24 to 01/01/24,Google,Cell Phone,phone,amex
12/21/24,89.83,"GOOGLE*FI 6R66CN GOO G.CO HELPPAY#, GOOGLE*FI 6R66CN GOO G.CO HELPPAY#",12/30/24 to 01/01/24,Google,Cell Phone,phone,amex
12/20/24,410.0,"JEWELERS-MUTUAL-PMNT800-558-6411        WI, JEWELERS-MUTUAL-PMNT800-558-6411        WI",12/30/24 to 01/01/24,,,,amex
12/20/24,55.25,"VEED LIMITED        LONDON              GB, VEED LIMITED        LONDON              GB",12/30/24 to 01/01/24,Veed,Office Supplies & Software,software,amex
12/16/24,5.0,"NOTION LABS, INC.   SAN FRANCISCO       CA, NOTION LABS, INC.   SAN FRANCISCO       CA",12/30/24 to 01/01/24,Notion,Office Supplies & Software,software,amex
12/13/24,12.95,"EXPRESSVPN.COM      WILMINGTON          DE, EXPRESSVPN.COM      WILMINGTON          DE",12/30/24 to 01/01/24,ExpressVPN,Office Supplies & Software,software,amex
12/11/24,9.99,"UBER ONE            help.uber.com       CA, UBER ONE            help.uber.com       CA",12/30/24 to 01/01/24,Uber,Travel and Transportation,,amex
12/10/24,9.99,"ADOBE Adobe Systems SAN JOSE            CA, ADOBE Adobe Systems SAN JOSE            CA",12/30/24 to 01/01/24,adobe,Office Supplies & Software,software,amex
12/10/24,20.0,"OPENAI *CHATGPT SUBSSAN FRANCISCO       CA, OPENAI *CHATGPT SUBSSAN FRANCISCO       CA",12/30/24 to 01/01/24,OpenAI,Office Supplies & Software,software,amex
12/09/24,110.25,"UPWORK*-760722743REFSAN FRANCISCO, UPWORK*-760722743REFSAN FRANCISCO",12/30/24 to 01/01/24,Upwork,Professional fees,labor,amex
12/09/24,84.99,"VERIZONRECURRING PAY800-VERIZON         FL, VERIZONRECURRING PAY800-VERIZON         FL",12/30/24 to 01/01/24,Verizon,,,amex
12/09/24,55.71,"VESTA  AT&T         866-608-3007        OR, VESTA  AT&T         866-608-3007        OR",12/30/24 to 01/01/24,At&t,,louisa,amex
12/04/24,8.0,"X CORP. PAID FEATURESAN FRANCISCO       CA, X CORP. PAID FEATURESAN FRANCISCO       CA",12/30/24 to 01/01/24,Twitter,Office Supplies & Software,software,amex
12/03/24,-675.36,"POINTS FOR AMEX TRVL, POINTS FOR AMEX TRVL",12/30/24 to 01/01/24,,,,amex
12/03/24,9.99,"PRIME VIDEO CHANNELSAMZN.COM/BILL       WA, PRIME VIDEO CHANNELSAMZN.COM/BILL       WA",12/30/24 to 01/01/24,Amazon,Office Supplies & Software,office supplies,amex
12/03/24,675.36,"PwP    AMEXTRAVEL.CO800-297-2977        WA, PwP    AMEXTRAVEL.CO800-297-2977        WA",12/30/24 to 01/01/24,,,,amex
12/03/24,214.99,"UPWORK*-758787724REFSAN FRANCISCO, UPWORK*-758787724REFSAN FRANCISCO",12/30/24 to 01/01/24,Upwork,Professional fees,labor,amex
12/02/24,1.03,"Amazon Web Services AWS.Amazon.com      WA, Amazon Web Services AWS.Amazon.com      WA",12/30/24 to 01/01/24,Amazon,Office Supplies & Software,software,amex
12/01/24,12.0,"GOOGLE *CLOUD QKJCH3 G.CO/HELPPAY#      CA, GOOGLE *CLOUD QKJCH3 G.CO/HELPPAY#      CA",12/30/24 to 01/01/24,Google,,,amex
12/01/24,20.0,"INTUIT QUICKBOOKS   800-446-8848        CA, INTUIT QUICKBOOKS   800-446-8848        CA",12/30/24 to 01/01/24,Quickbooks,Office Supplies & Software,software,amex
12/01/24,5.0,"PATREON* MEMBERSHIP SAN FRANCISCO       CA, PATREON* MEMBERSHIP SAN FRANCISCO       CA",12/30/24 to 01/01/24,Patreon,Entertainment,monthly,amex
12/01/24,7.2,"SQSP* INV159751651  NEW YORK            NY, SQSP* INV159751651  NEW YORK            NY",12/30/24 to 01/01/24,,,,amex
11/17/24,40.8,"DD *DOORDASH STARBUCSAN FRANCISCO       CA, DD *DOORDASH STARBUCSAN FRANCISCO       CA",12/30/24 to 01/01/24,DoorDash,Food,louisa,amex
11/17/24,12.02,"HERTZTOLL 428918162 TAMPA               FL, HERTZTOLL 428918162 TAMPA               FL",12/30/24 to 01/01/24,,,,amex
11/16/24,14.99,"AIRFLIGHT INSURANCE PREMIUM 800-228-6855, AIRFLIGHT INSURANCE PREMIUM 800-228-6855",12/30/24 to 01/01/24,,,,amex
11/16/24,16.38,"DD *DOORDASH STARBUCSAN FRANCISCO       CA, DD *DOORDASH STARBUCSAN FRANCISCO       CA",12/30/24 to 01/01/24,DoorDash,Food,louisa,amex
11/16/24,27.7,"DD *DOORDASH STARBUCSAN FRANCISCO       CA, DD *DOORDASH STARBUCSAN FRANCISCO       CA",12/30/24 to 01/01/24,DoorDash,Food,louisa,amex
11/14/24,164.3,"SP HEMSPHRS-WINEINSINAPA                CA, SP HEMSPHRS-WINEINSINAPA                CA",12/30/24 to 01/01/24,,,,amex
11/14/24,4295.53,"TURKISH AIRLINES TURUNITED KINGDOM      GB, TURKISH AIRLINES TURUNITED KINGDOM      GB",12/30/24 to 01/01/24,,,,amex
11/12/24,64.18,"DULLES WASHINGTON FLFairfax             VA, DULLES WASHINGTON FLFairfax             VA",12/30/24 to 01/01/24,,,,amex
11/11/24,103.35,"DD *DOORDASH FITZGERSAN FRANCISCO       CA, DD *DOORDASH FITZGERSAN FRANCISCO       CA",12/30/24 to 01/01/24,DoorDash,Food,louisa,amex
11/11/24,12.37,"WRIGHT'S NATURAL MARNEW PORT RICH       FL, WRIGHT'S NATURAL MARNEW PORT RICH       FL",12/30/24 to 01/01/24,,,,amex
11/09/24,55.71,"VESTA  AT&T         866-608-3007        OR, VESTA  AT&T         866-608-3007        OR",12/30/24 to 01/01/24,At&t,,louisa,amex
11/08/24,30.64,"BRAVO-MERCATO 0000  NAPLES              FL, BRAVO-MERCATO 0000  NAPLES              FL",12/30/24 to 01/01/24,,,,amex
11/08/24,188.67,"BRAVO-MERCATO 0000  NAPLES              FL, BRAVO-MERCATO 0000  NAPLES              FL",12/30/24 to 01/01/24,,,,amex
11/07/24,103.12,"HERTZ CAR RENTAL    TAMPA               FL, HERTZ CAR RENTAL    TAMPA               FL",12/30/24 to 01/01/24,,,,amex
11/07/24,9.99,"UBER ONE            help.uber.com       CA, UBER ONE            help.uber.com       CA",12/30/24 to 01/01/24,Uber,Travel and Transportation,,amex
11/06/24,74.2,"BLUEMERCURY #172106 FAIRFAX             VA, BLUEMERCURY #172106 FAIRFAX             VA",12/30/24 to 01/01/24,,,,amex
11/01/24,181.97,"GOOGLE *ADS845488022CC@GOOGLE.COM       CA, GOOGLE *ADS845488022CC@GOOGLE.COM       CA",12/30/24 to 01/01/24,Google,COGS,paid media,amex
11/01/24,12.16,"GOOGLE *CLOUD 2GT5VZ G.CO/HELPPAY#      CA, GOOGLE *CLOUD 2GT5VZ G.CO/HELPPAY#      CA",12/30/24 to 01/01/24,Google,,,amex
11/01/24,76.34,"MOMS OF MERRIFIELD 0FAIRFAX             VA, MOMS OF MERRIFIELD 0FAIRFAX             VA",12/30/24 to 01/01/24,Mom's,Food,,amex
11/01/24,5.0,"PATREON* MEMBERSHIP SAN FRANCISCO       CA, PATREON* MEMBERSHIP SAN FRANCISCO       CA",12/30/24 to 01/01/24,Patreon,Entertainment,monthly,amex
11/01/24,7.2,"SQSP* INV155953811  NEW YORK            NY, SQSP* INV155953811  NEW YORK            NY",12/30/24 to 01/01/24,,,,amex
10/31/24,333.86,"HERTZ CAR RENTAL    OKLAHOMA CITY       OK, HERTZ CAR RENTAL    OKLAHOMA CITY       OK",12/30/24 to 01/01/24,,,,amex
10/30/24,36.21,"AMAZON MARKEPLACE NA PA, AMAZON MARKETPLACE NAMZN.COM/BILL       WA",12/30/24 to 01/01/24,Amazon,Office Supplies & Software,office supplies,amex
10/30/24,88.81,"TARGET              FALLS CHURCH        VA, TARGET              FALLS CHURCH        VA",12/30/24 to 01/01/24,Target,Shopping (Consumer Goods),personal,amex
10/29/24,45.55,"AMAZON MARKEPLACE NA PA, AMAZON MARKETPLACE NAMZN.COM/BILL       WA",12/30/24 to 01/01/24,Amazon,Office Supplies & Software,office supplies,amex
10/28/24,57.79,"HARRIS TEETER #308 0VIENNA              VA, HARRIS TEETER #308 0VIENNA              VA",12/30/24 to 01/01/24,Harris Teeter,Food,,amex
10/25/24,27.56,"10005 CAVA MOSAIC   FAIRFAX             VA, 10005 CAVA MOSAIC   FAIRFAX             VA",12/30/24 to 01/01/24,,,,amex
10/25/24,212.0,"REAL JEWELERS 180387ARLINGTON           VA, REAL JEWELERS 180387ARLINGTON           VA",12/30/24 to 01/01/24,,,,amex
10/22/24,120.2,"TST* IMMIGRANT FOOD WASHINGTON          DC, TST* IMMIGRANT FOOD WASHINGTON          DC",12/30/24 to 01/01/24,,Food,,amex
10/20/24,95.3,"ONEQUINCE           SAN FRANCISCO       CA, ONEQUINCE           SAN FRANCISCO       CA",12/30/24 to 01/01/24,,,,amex
10/12/24,26.49,"AMAZON MARKEPLACE NA PA, AMAZON MARKETPLACE NAMZN.COM/BILL       WA",12/30/24 to 01/01/24,Amazon,Office Supplies & Software,office supplies,amex
10/12/24,24.37,"AMAZON.COM          AMZN.COM/BILL       WA, AMAZON.COM          AMZN.COM/BILL       WA",12/30/24 to 01/01/24,Amazon,Office Supplies & Software,office supplies,amex
10/12/24,104.34,"SP SUSANA MONACO    NEW YORK            NY, SP SUSANA MONACO    NEW YORK            NY",12/30/24 to 01/01/24,,,,amex
10/11/24,85.12,"TARGET        027904FAIRFAX             VA, TARGET        027904FAIRFAX             VA",12/30/24 to 01/01/24,Target,Shopping (Consumer Goods),personal,amex
10/10/24,55.71,"VESTA  AT&T         866-608-3007        OR, VESTA  AT&T         866-608-3007        OR",12/30/24 to 01/01/24,At&t,,louisa,amex
10/07/24,164.3,"HEMSPHRS-WINEINSIDERNAPA                CA, HEMSPHRS-WINEINSIDERNAPA                CA",12/30/24 to 01/01/24,,,,amex
10/04/24,9.99,"UBER ONE            help.uber.com       CA, UBER ONE            help.uber.com       CA",12/30/24 to 01/01/24,Uber,Travel and Transportation,,amex
10/03/24,34.62,"HARRIS TEETER #308 0VIENNA              VA, HARRIS TEETER #308 0VIENNA              VA",12/30/24 to 01/01/24,Harris Teeter,Food,,amex
10/03/24,6.88,"SLIPSTREAM DOWNTOWN Washington          DC, SLIPSTREAM DOWNTOWN Washington          DC",12/30/24 to 01/01/24,,,,amex
10/02/24,27.67,"MATCHBOX            FAIRFAX             VA, MATCHBOX            FAIRFAX             VA",12/30/24 to 01/01/24,,,,amex
10/01/24,175.28,"GOOGLE *ADS845488022CC@GOOGLE.COM       CA, GOOGLE *ADS845488022CC@GOOGLE.COM       CA",12/30/24 to 01/01/24,Google,COGS,paid media,amex
10/01/24,11.95,"GOOGLE *CLOUD N5BWFJ G.CO/HELPPAY#      CA, GOOGLE *CLOUD N5BWFJ G.CO/HELPPAY#      CA",12/30/24 to 01/01/24,Google,,,amex
10/01/24,5.0,"PATREON* MEMBERSHIP SAN FRANCISCO       CA, PATREON* MEMBERSHIP SAN FRANCISCO       CA",12/30/24 to 01/01/24,Patreon,Entertainment,monthly,amex
10/01/24,7.2,"SQSP* INV151962506  NEW YORK            NY, SQSP* INV151962506  NEW YORK            NY",12/30/24 to 01/01/24,,,,amex
09/29/24,10.59,"AMAZON MARKEPLACE NA PA, AMAZON MARKETPLACE NAMZN.COM/BILL       WA",12/30/24 to 01/01/24,Amazon,Office Supplies & Software,office supplies,amex
09/28/24,21.19,"AMAZON MARKEPLACE NA PA, AMAZON MARKETPLACE NAMZN.COM/BILL       WA",12/30/24 to 01/01/24,Amazon,Office Supplies & Software,office supplies,amex
09/28/24,87.12,"AMAZON.COM          AMZN.COM/BILL       WA, AMAZON.COM          AMZN.COM/BILL       WA",12/30/24 to 01/01/24,Amazon,Office Supplies & Software,office supplies,amex
09/26/24,64.96,"AMAZON.COM          AMZN.COM/BILL       WA, AMAZON.COM          AMZN.COM/BILL       WA",12/30/24 to 01/01/24,Amazon,Office Supplies & Software,office supplies,amex
09/19/24,28.52,"HARRIS TEETER #308 0VIENNA              VA, HARRIS TEETER #308 0VIENNA              VA",12/30/24 to 01/01/24,Harris Teeter,Food,,amex
09/11/24,500.0,"PAYPAL *SSLSOUTHERN 4029357733          GA, PAYPAL *SSLSOUTHERN 4029357733          GA",12/30/24 to 01/01/24,,,,amex
09/10/24,160.49,"HOTEL ON BOOKING.COMAMSTERDAM           NL, HOTEL ON BOOKING.COMAMSTERDAM           NL",12/30/24 to 01/01/24,,,,amex
09/10/24,55.71,"VESTA  AT&T         866-608-3007        OR, VESTA  AT&T         866-608-3007        OR",12/30/24 to 01/01/24,At&t,,louisa,amex
09/01/24,191.11,"GOOGLE*ADS8454880227CC GOOGLE.COM, GOOGLE*ADS8454880227CC GOOGLE.COM",12/30/24 to 01/01/24,Google,COGS,paid media,amex
09/01/24,12.19,"GOOGLE*CLOUD 4J85WV  G.CO HELPPAY#, GOOGLE*CLOUD 4J85WV  G.CO HELPPAY#",12/30/24 to 01/01/24,Google,,,amex
09/01/24,5.0,"PATREON* MEMBERSHIP SAN FRANCISCO       CA, PATREON* MEMBERSHIP SAN FRANCISCO       CA",12/30/24 to 01/01/24,Patreon,Entertainment,monthly,amex
09/01/24,7.2,"SQSP* INV147595317  NEW YORK            NY, SQSP* INV147595317  NEW YORK            NY",12/30/24 to 01/01/24,,,,amex
08/29/24,238.45,"WWW.SYMPATHY.SHOP   BATESVILLE          IN, WWW.SYMPATHY.SHOP   BATESVILLE          IN",12/30/24 to 01/01/24,,,,amex
08/27/24,1296.79,"HARMONY HOTEL       MIKONOS             GR, HARMONY HOTEL       MIKONOS             GR",12/30/24 to 01/01/24,,,,amex
08/25/24,71.6,"SCORPIOS BEACH CLUB MIKONOS             GR, SCORPIOS BEACH CLUB MIKONOS             GR",12/30/24 to 01/01/24,,,,amex
08/25/24,75.18,"SCORPIOS BEACH CLUB MIKONOS             GR, SCORPIOS BEACH CLUB MIKONOS             GR",12/30/24 to 01/01/24,,,,amex
08/23/24,17.56,"CUPSnPLATE_RODOS_P3 RODOS               GR, CUPSnPLATE_RODOS_P3 RODOS               GR",12/30/24 to 01/01/24,,,,amex
08/23/24,15.21,"SSP HELLAS STARBUCKSRODOS AERODRO       GR, SSP HELLAS STARBUCKSRODOS AERODRO       GR",12/30/24 to 01/01/24,Starbucks,Food,,amex
08/17/24,2047.12,"MITSIS GRAND HOTEL CRODOS               GR, MITSIS GRAND HOTEL CRODOS               GR",12/30/24 to 01/01/24,,,,amex
08/15/24,250.0,"THUMBTACK.COM       MONTGOMERY VILLAGE  MD, THUMBTACK.COM       MONTGOMERY VILLAGE  MD",12/30/24 to 01/01/24,Thumbtack,,louisa,amex
08/11/24,55.71,"VESTA  AT&T         866-608-3007        OR, VESTA  AT&T         866-608-3007        OR",12/30/24 to 01/01/24,At&t,,louisa,amex
08/09/24,29.69,"RMS BEAUTY          CHARLESTON          SC, RMS BEAUTY          CHARLESTON          SC",12/30/24 to 01/01/24,,,,amex
08/07/24,61.4,"HONEYGROW           VIENNA              VA, HONEYGROW           VIENNA              VA",12/30/24 to 01/01/24,,,,amex
08/06/24,6.88,"SLIPSTREAM DOWNTOWN Washington          DC, SLIPSTREAM DOWNTOWN Washington          DC",12/30/24 to 01/01/24,,,,amex
08/03/24,80.54,"HONEYGROW           VIENNA              VA, HONEYGROW           VIENNA              VA",12/30/24 to 01/01/24,,,,amex
08/03/24,7.52,"NORDSTROM           MC LEAN             VA, NORDSTROM           MC LEAN             VA",12/30/24 to 01/01/24,,,,amex
08/03/24,292.56,"SEPHORA TYSONS CORNEMCLEAN              VA, SEPHORA TYSONS CORNEMCLEAN              VA",12/30/24 to 01/01/24,,,,amex
08/02/24,29.33,"SP+AFF* LOREN HOPE  SAN FRANCISCO       CA, SP+AFF* LOREN HOPE  SAN FRANCISCO       CA",12/30/24 to 01/01/24,,,,amex
08/02/24,104.97,"TST* FIG & OLIVE - DWASHINGTON          DC, TST* FIG & OLIVE - DWASHINGTON          DC",12/30/24 to 01/01/24,,Food,,amex
08/01/24,177.97,"GOOGLE *ADS845488022CC@GOOGLE.COM       CA, GOOGLE *ADS845488022CC@GOOGLE.COM       CA",12/30/24 to 01/01/24,Google,COGS,paid media,amex
08/01/24,12.2,"GOOGLE *CLOUD 7D8HMT G.CO/HELPPAY#      CA, GOOGLE *CLOUD 7D8HMT G.CO/HELPPAY#      CA",12/30/24 to 01/01/24,Google,,,amex
08/01/24,10.0,"METRO 041-ROSSLYN 10ARLINGTON           VA, METRO 041-ROSSLYN 10ARLINGTON           VA",12/30/24 to 01/01/24,,,,amex
08/01/24,5.0,"PATREON* MEMBERSHIP SAN FRANCISCO       CA, PATREON* MEMBERSHIP SAN FRANCISCO       CA",12/30/24 to 01/01/24,Patreon,Entertainment,monthly,amex
08/01/24,7.2,"SQSP* INV143361071  NEW YORK            NY, SQSP* INV143361071  NEW YORK            NY",12/30/24 to 01/01/24,,,,amex
07/22/24,41.13,"10005D CAVA MOSAIC  703-988-4313        VA, 10005D CAVA MOSAIC  703-988-4313        VA",12/30/24 to 01/01/24,,,,amex
07/22/24,44.95,"FOREIGN AFFAIRS MAG 800-829-5539        NY, FOREIGN AFFAIRS MAG 800-829-5539        NY",12/30/24 to 01/01/24,,,,amex
07/17/24,63.04,"IC* INSTACART*1102  SAN FRANCISCO       CA, IC* INSTACART*1102  SAN FRANCISCO       CA",12/30/24 to 01/01/24,Instacart,Food,louisa,amex
07/15/24,209.37,"POSHMARK            support@poshmark.comCA, POSHMARK            support@poshmark.comCA",12/30/24 to 01/01/24,,,,amex
07/14/24,125.01,"HARRIS TEETER #308 0VIENNA              VA, HARRIS TEETER #308 0VIENNA              VA",12/30/24 to 01/01/24,Harris Teeter,Food,,amex
07/13/24,30.79,"10005 CAVA MOSAIC   FAIRFAX             VA, 10005 CAVA MOSAIC   FAIRFAX             VA",12/30/24 to 01/01/24,,,,amex
07/12/24,55.71,"VESTA  AT&T         866-608-3007        OR, VESTA  AT&T         866-608-3007        OR",12/30/24 to 01/01/24,At&t,,louisa,amex
07/11/24,5.99,"ROKU FOR PEACOCK TV WILMINGTON          DE, ROKU FOR PEACOCK TV WILMINGTON          DE",12/30/24 to 01/01/24,Roku,Entertainment,monthly,amex
07/10/24,82.3,"MIGHTY MEALS 7392982GAINESVILLE         VA, MIGHTY MEALS 7392982GAINESVILLE         VA",12/30/24 to 01/01/24,,,,amex
07/09/24,250.0,"THUMBTACK.COM       MONTGOMERY VILLAGE  MD, THUMBTACK.COM       MONTGOMERY VILLAGE  MD",12/30/24 to 01/01/24,Thumbtack,,louisa,amex
07/08/24,41.1,"SP ILIOS LIGHTING   PERRYSBURG          OH, SP ILIOS LIGHTING   PERRYSBURG          OH",12/30/24 to 01/01/24,Ting,Cell Phone,phone,amex
07/07/24,79.47,"AMAZON MARKEPLACE NA PA, AMAZON MARKETPLACE NAMZN.COM/BILL       WA",12/30/24 to 01/01/24,Amazon,Office Supplies & Software,office supplies,amex
07/07/24,186.26,"SAKSFIFTHAVENUE.COM https://www.saksfiftMD, SAKSFIFTHAVENUE.COM https://www.saksfiftMD",12/30/24 to 01/01/24,,,,amex
07/06/24,27.56,"HARRIS TEETER #308 0VIENNA              VA, HARRIS TEETER #308 0VIENNA              VA",12/30/24 to 01/01/24,Harris Teeter,Food,,amex
07/06/24,54.62,"MOMS OF MERRIFIELD 0FAIRFAX             VA, MOMS OF MERRIFIELD 0FAIRFAX             VA",12/30/24 to 01/01/24,Mom's,Food,,amex
07/03/24,59.35,"AMAZON MARKEPLACE NA PA, AMAZON MARKETPLACE NAMZN.COM/BILL       WA",12/30/24 to 01/01/24,Amazon,Office Supplies & Software,office supplies,amex
07/02/24,38.37,"AMAZON MARKEPLACE NA PA, AMAZON MARKETPLACE NAMZN.COM/BILL       WA",12/30/24 to 01/01/24,Amazon,Office Supplies & Software,office supplies,amex
07/01/24,186.07,"GOOGLE*ADS8454880227CC GOOGLE.COM, GOOGLE*ADS8454880227CC GOOGLE.COM",12/30/24 to 01/01/24,Google,COGS,paid media,amex
07/01/24,11.97,"GOOGLE*CLOUD 2RSXH9 MOUNTAIN VIEW       CA, GOOGLE*CLOUD 2RSXH9 MOUNTAIN VIEW       CA",12/30/24 to 01/01/24,Google,,,amex
07/01/24,5.0,"PATREON* MEMBERSHIP SAN FRANCISCO       CA, PATREON* MEMBERSHIP SAN FRANCISCO       CA",12/30/24 to 01/01/24,Patreon,Entertainment,monthly,amex
07/01/24,7.2,"SQSP* INV138936512  NEW YORK            NY, SQSP* INV138936512  NEW YORK            NY",12/30/24 to 01/01/24,,,,amex
06/29/24,34.74,"AMAZON MARKEPLACE NA PA, AMAZON MARKETPLACE NAMZN.COM/BILL       WA",12/30/24 to 01/01/24,Amazon,Office Supplies & Software,office supplies,amex
06/29/24,47.19,"MOMS OF MERRIFIELD 0FAIRFAX             VA, MOMS OF MERRIFIELD 0FAIRFAX             VA",12/30/24 to 01/01/24,Mom's,Food,,amex
06/27/24,21.19,"AMAZON MARKEPLACE NA PA, AMAZON MARKETPLACE NAMZN.COM/BILL       WA",12/30/24 to 01/01/24,Amazon,Office Supplies & Software,office supplies,amex
06/27/24,41.34,"SEPHORA MOSAIC DISTRFAIRFAX             VA, SEPHORA MOSAIC DISTRFAIRFAX             VA",12/30/24 to 01/01/24,,,,amex
06/27/24,43.51,"SUNOCO 0013766106 00FALLS CHURCH        VA, SUNOCO 0013766106 00FALLS CHURCH        VA",12/30/24 to 01/01/24,Sunoco,Gas,,amex
06/24/24,25.31,"AMAZON MARKEPLACE NA PA, AMAZON MARKETPLACE NAMZN.COM/BILL       WA",12/30/24 to 01/01/24,Amazon,Office Supplies & Software,office supplies,amex
06/23/24,50.0,"=CRYOXYGENCLINIC    703-559-3669        VA, =CRYOXYGENCLINIC    703-559-3669        VA",12/30/24 to 01/01/24,,,,amex
06/23/24,223.66,"REVOLVE             CERRITOS            CA, REVOLVE             CERRITOS            CA",12/30/24 to 01/01/24,,,,amex
06/23/24,5.69,"UBER EATS           help.uber.com       CA, UBER EATS           help.uber.com       CA",12/30/24 to 01/01/24,Uber,Travel and Transportation,,amex
06/23/24,27.11,"UBER EATS           help.uber.com       CA, UBER EATS           help.uber.com       CA",12/30/24 to 01/01/24,Uber,Travel and Transportation,,amex
06/22/24,225.0,"IC* INSTACART*159   SAN FRANCISCO       CA, IC* INSTACART*159   SAN FRANCISCO       CA",12/30/24 to 01/01/24,Instacart,Food,louisa,amex
06/22/24,10.0,"METRO 102-DUNN LORINFAIRFAX             VA, METRO 102-DUNN LORINFAIRFAX             VA",12/30/24 to 01/01/24,,,,amex
06/22/24,67.3,"TST* KELLY' GINGERNUCAPE CHARLES        VA, TST* KELLY' GINGERNUCAPE CHARLES        VA",12/30/24 to 01/01/24,,Food,,amex
06/21/24,48.34,"JUST PEACHY CONV 000EXMORE              VA, JUST PEACHY CONV 000EXMORE              VA",12/30/24 to 01/01/24,,,,amex
06/20/24,29.33,"SP+AFF* LOREN HOPE  SAN FRANCISCO       CA, SP+AFF* LOREN HOPE  SAN FRANCISCO       CA",12/30/24 to 01/01/24,,,,amex
06/19/24,13.48,"CRAVINGS            Cape Charles        VA, CRAVINGS            Cape Charles        VA",12/30/24 to 01/01/24,,,,amex
06/19/24,5.84,"JUST PEACHY CONV 000EXMORE              VA, JUST PEACHY CONV 000EXMORE              VA",12/30/24 to 01/01/24,,,,amex
06/19/24,46.08,"JUST PEACHY CONV 000EXMORE              VA, JUST PEACHY CONV 000EXMORE              VA",12/30/24 to 01/01/24,,,,amex
06/19/24,92.06,"MIGHTY MEALS 7392982GAINESVILLE         VA, MIGHTY MEALS 7392982GAINESVILLE         VA",12/30/24 to 01/01/24,,,,amex
06/17/24,22.0,"EXXONMOBIL 4807     WILLIAMSBURG        VA, EXXONMOBIL 4807     WILLIAMSBURG        VA",12/30/24 to 01/01/24,,,,amex
06/16/24,93.14,"IC* INSTACART       SAN FRANCISCO       CA, IC* INSTACART       SAN FRANCISCO       CA",12/30/24 to 01/01/24,Instacart,Food,louisa,amex
06/16/24,154.78,"TARGET        027904FAIRFAX             VA, TARGET        027904FAIRFAX             VA",12/30/24 to 01/01/24,Target,Shopping (Consumer Goods),personal,amex
06/15/24,50.33,"CVS PHARMACY        FALLS CHURCH        VA, CVS PHARMACY        FALLS CHURCH        VA",12/30/24 to 01/01/24,,,,amex
06/14/24,164.3,"SP HEMISPHERES-WINEIGLENDALE            CA, SP HEMISPHERES-WINEIGLENDALE            CA",12/30/24 to 01/01/24,,,,amex
06/13/24,57.57,"IC* INSTACART       SAN FRANCISCO       CA, IC* INSTACART       SAN FRANCISCO       CA",12/30/24 to 01/01/24,Instacart,Food,louisa,amex
06/12/24,19.07,"AMAZON MARKEPLACE NA PA, AMAZON MARKETPLACE NAMZN.COM/BILL       WA",12/30/24 to 01/01/24,Amazon,Office Supplies & Software,office supplies,amex
06/12/24,501.61,"HARMONY HOTEL       MIKONOS             GR, HARMONY HOTEL       MIKONOS             GR",12/30/24 to 01/01/24,,,,amex
06/12/24,10.0,"STARBUCKS           800-782-7282        WA, STARBUCKS           800-782-7282        WA",12/30/24 to 01/01/24,Starbucks,Food,,amex
06/12/24,55.71,"VESTA  AT&T         866-608-3007        OR, VESTA  AT&T         866-608-3007        OR",12/30/24 to 01/01/24,At&t,,louisa,amex
06/11/24,5.99,"ROKU FOR PEACOCK TV WILMINGTON          DE, ROKU FOR PEACOCK TV WILMINGTON          DE",12/30/24 to 01/01/24,Roku,Entertainment,monthly,amex
06/11/24,10.0,"STARBUCKS           800-782-7282        WA, STARBUCKS           800-782-7282        WA",12/30/24 to 01/01/24,Starbucks,Food,,amex
06/11/24,45.95,"SUNOCO 0013766106 00FALLS CHURCH        VA, SUNOCO 0013766106 00FALLS CHURCH        VA",12/30/24 to 01/01/24,Sunoco,Gas,,amex
06/09/24,20.72,"HONEYGROW           VIENNA              VA, HONEYGROW           VIENNA              VA",12/30/24 to 01/01/24,,,,amex
06/09/24,20.0,"SQUARESPACE 13497272NEW YORK            NY, SQUARESPACE 13497272NEW YORK            NY",12/30/24 to 01/01/24,SquareSpace,Office Supplies & Software,software,amex
06/08/24,292.23,"HOTEL ON BOOKING.COMAMSTERDAM           NL, HOTEL ON BOOKING.COMAMSTERDAM           NL",12/30/24 to 01/01/24,,,,amex
06/05/24,179.14,"SP MISSOMA LIMITED  STAMFORD            CT, SP MISSOMA LIMITED  STAMFORD            CT",12/30/24 to 01/01/24,,,,amex
06/05/24,135.0,"THUMBTACK.COM       MONTGOMERY VILLAGE  MD, THUMBTACK.COM       MONTGOMERY VILLAGE  MD",12/30/24 to 01/01/24,Thumbtack,,louisa,amex
06/04/24,24.9,"CVS/PHARMACY #10833 WASHINGTON          DC, CVS/PHARMACY #10833 WASHINGTON          DC",12/30/24 to 01/01/24,,,,amex
06/04/24,10.0,"METRO 102-DUNN LORINFAIRFAX             VA, METRO 102-DUNN LORINFAIRFAX             VA",12/30/24 to 01/01/24,,,,amex
06/02/24,46.59,"MOMS OF MERRIFIELD 0FAIRFAX             VA, MOMS OF MERRIFIELD 0FAIRFAX             VA",12/30/24 to 01/01/24,Mom's,Food,,amex
06/01/24,185.22,"GOOGLE *ADS845488022CC@GOOGLE.COM       CA, GOOGLE *ADS845488022CC@GOOGLE.COM       CA",12/30/24 to 01/01/24,Google,COGS,paid media,amex
06/01/24,12.16,"GOOGLE *CLOUD JJ75GX G.CO/HELPPAY#      CA, GOOGLE *CLOUD JJ75GX G.CO/HELPPAY#      CA",12/30/24 to 01/01/24,Google,,,amex
06/01/24,86.32,"MOMS OF MERRIFIELD 0FAIRFAX             VA, MOMS OF MERRIFIELD 0FAIRFAX             VA",12/30/24 to 01/01/24,Mom's,Food,,amex
06/01/24,5.0,"PATREON* MEMBERSHIP SAN FRANCISCO       CA, PATREON* MEMBERSHIP SAN FRANCISCO       CA",12/30/24 to 01/01/24,Patreon,Entertainment,monthly,amex
06/01/24,7.2,"SQUARESPACE 13207570NEW YORK            NY, SQUARESPACE 13207570NEW YORK            NY",12/30/24 to 01/01/24,SquareSpace,Office Supplies & Software,software,amex
05/31/24,57.92,"SUNOCO 0013766106 00FALLS CHURCH        VA, SUNOCO 0013766106 00FALLS CHURCH        VA",12/30/24 to 01/01/24,Sunoco,Gas,,amex
05/31/24,56.33,"TARGET        027904FAIRFAX             VA, TARGET        027904FAIRFAX             VA",12/30/24 to 01/01/24,Target,Shopping (Consumer Goods),personal,amex
05/28/24,37.13,"TST* PAUL FRENCH BAKWASHINGTON          DC, TST* PAUL FRENCH BAKWASHINGTON          DC",12/30/24 to 01/01/24,,Food,,amex
05/27/24,85.55,"HARRIS TEETER #308 0VIENNA              VA, HARRIS TEETER #308 0VIENNA              VA",12/30/24 to 01/01/24,Harris Teeter,Food,,amex
05/26/24,50.0,"=CRYOXYGENCLINIC    703-559-3669        VA, =CRYOXYGENCLINIC    703-559-3669        VA",12/30/24 to 01/01/24,,,,amex
05/25/24,75.0,"WWW.MATCHBOXRESTAURARESTON              VA, WWW.MATCHBOXRESTAURARESTON              VA",12/30/24 to 01/01/24,,,,amex
05/24/24,196.64,"SP AURATE NEW YORK  NEW YORK            NY, SP AURATE NEW YORK  NEW YORK            NY",12/30/24 to 01/01/24,,,,amex
05/23/24,20.75,"CARDINAL TAILORING &FAIRFAX             VA, CARDINAL TAILORING &FAIRFAX             VA",12/30/24 to 01/01/24,,,,amex
05/20/24,225.0,"THUMBTACK.COM       MONTGOMERY VILLAGE  MD, THUMBTACK.COM       MONTGOMERY VILLAGE  MD",12/30/24 to 01/01/24,Thumbtack,,louisa,amex
05/19/24,8.75,"2LEVY@ORIOLESPARKMG BALTIMORE           MD, 2LEVY@ORIOLESPARKMG BALTIMORE           MD",12/30/24 to 01/01/24,,,,amex
05/19/24,26.46,"2LEVY@ORIOLESPARKMG BALTIMORE           MD, 2LEVY@ORIOLESPARKMG BALTIMORE           MD",12/30/24 to 01/01/24,,,,amex
05/19/24,15.16,"DD/BR #341097 Q35 34LAUREL              MD, DD/BR #341097 Q35 34LAUREL              MD",12/30/24 to 01/01/24,,,,amex
05/18/24,34.54,"AMAZON.COM          AMZN.COM/BILL       WA, AMAZON.COM          AMZN.COM/BILL       WA",12/30/24 to 01/01/24,Amazon,Office Supplies & Software,office supplies,amex
05/18/24,32.86,"SEPHORA MOSAIC DISTRFAIRFAX             VA, SEPHORA MOSAIC DISTRFAIRFAX             VA",12/30/24 to 01/01/24,,,,amex
05/18/24,31.5,"TST* MATCHBOX MERRIFFAIRFAX             VA, TST* MATCHBOX MERRIFFAIRFAX             VA",12/30/24 to 01/01/24,,Food,,amex
05/17/24,52.98,"VA ABC STORE 346 00-FALLS CHURCH        VA, VA ABC STORE 346 00-FALLS CHURCH        VA",12/30/24 to 01/01/24,,,,amex
05/15/24,20.72,"HARRIS TEETER #308 0VIENNA              VA, HARRIS TEETER #308 0VIENNA              VA",12/30/24 to 01/01/24,Harris Teeter,Food,,amex
05/14/24,19.31,"STARBUCKS STORE 2317SPRINGFIELD         VA, STARBUCKS STORE 2317SPRINGFIELD         VA",12/30/24 to 01/01/24,Starbucks,Food,,amex
05/13/24,40.82,"FEALS, INC          844-311-9090        CO, FEALS, INC          844-311-9090        CO",12/30/24 to 01/01/24,Ffeals,,louisa,amex
05/13/24,55.71,"VESTA  AT&T         866-608-3007        OR, VESTA  AT&T         866-608-3007        OR",12/30/24 to 01/01/24,At&t,,louisa,amex
05/12/24,54.0,"CRYOXYGEN CLINIC    VIENNA              VA, CRYOXYGEN CLINIC    VIENNA              VA",12/30/24 to 01/01/24,,,,amex
05/12/24,55.14,"HARRIS TEETER #308 0VIENNA              VA, HARRIS TEETER #308 0VIENNA              VA",12/30/24 to 01/01/24,Harris Teeter,Food,,amex
05/12/24,86.88,"TFK-FAIRFAX VA      FAIRFAX             VA, TFK-FAIRFAX VA      FAIRFAX             VA",12/30/24 to 01/01/24,,,,amex
05/11/24,5.99,"ROKU FOR PEACOCK TV WILMINGTON          DE, ROKU FOR PEACOCK TV WILMINGTON          DE",12/30/24 to 01/01/24,Roku,Entertainment,monthly,amex
05/11/24,86.8,"TARGET        027904FAIRFAX             VA, TARGET        027904FAIRFAX             VA",12/30/24 to 01/01/24,Target,Shopping (Consumer Goods),personal,amex
05/06/24,35.11,"HARRIS TEETER #308 0VIENNA              VA, HARRIS TEETER #308 0VIENNA              VA",12/30/24 to 01/01/24,Harris Teeter,Food,,amex
05/06/24,18.04,"WALGREENS           VIENNA              VA, WALGREENS           VIENNA              VA",12/30/24 to 01/01/24,,,,amex
05/05/24,143.74,"HARRIS TEETER #308 0VIENNA              VA, HARRIS TEETER #308 0VIENNA              VA",12/30/24 to 01/01/24,Harris Teeter,Food,,amex
05/04/24,53.39,"SUNOCO 0013766106 00FALLS CHURCH        VA, SUNOCO 0013766106 00FALLS CHURCH        VA",12/30/24 to 01/01/24,Sunoco,Gas,,amex
05/03/24,61.48,"BLOOMINGDALES.COM   800-777-0000        OH, BLOOMINGDALES.COM   800-777-0000        OH",12/30/24 to 01/01/24,Bloomingdales,Shopping (Consumer Goods),,amex
05/03/24,18.6,"HARRIS TEETER       WASHINGTON          DC, HARRIS TEETER       WASHINGTON          DC",12/30/24 to 01/01/24,Harris Teeter,Food,,amex
05/01/24,173.16,"GOOGLE *ADS845488022CC@GOOGLE.COM       CA, GOOGLE *ADS845488022CC@GOOGLE.COM       CA",12/30/24 to 01/01/24,Google,COGS,paid media,amex
05/01/24,12.16,"GOOGLE*CLOUD CV2GRV  G.CO HELPPAY#, GOOGLE*CLOUD CV2GRV  G.CO HELPPAY#",12/30/24 to 01/01/24,Google,,,amex
05/01/24,5.0,"PATREON* MEMBERSHIP SAN FRANCISCO       CA, PATREON* MEMBERSHIP SAN FRANCISCO       CA",12/30/24 to 01/01/24,Patreon,Entertainment,monthly,amex
05/01/24,7.2,"SQUARESPACE 12680308NEW YORK            NY, SQUARESPACE 12680308NEW YORK            NY",12/30/24 to 01/01/24,SquareSpace,Office Supplies & Software,software,amex
04/26/24,143.81,"THE ITALIAN PLACE   Fairfax             VA, THE ITALIAN PLACE   Fairfax             VA",12/30/24 to 01/01/24,,,,amex
04/26/24,166.85,"TRADER JOE S #641 00FALLS CHURCH        VA, TRADER JOE S #641 00FALLS CHURCH        VA",12/30/24 to 01/01/24,,,,amex
04/25/24,26.36,"AMAZON.COM          AMZN.COM/BILL       WA, AMAZON.COM          AMZN.COM/BILL       WA",12/30/24 to 01/01/24,Amazon,Office Supplies & Software,office supplies,amex
04/25/24,118.66,"VA ABC STORE 346 00-FALLS CHURCH        VA, VA ABC STORE 346 00-FALLS CHURCH        VA",12/30/24 to 01/01/24,,,,amex
04/25/24,63.63,"WEGMANS.COM#115 TYSNTYSONS              VA, WEGMANS.COM#115 TYSNTYSONS              VA",12/30/24 to 01/01/24,,,,amex
04/24/24,19.67,"PRIVIA MEDICAL GROUPARLINGTON           VA, PRIVIA MEDICAL GROUPARLINGTON           VA",12/30/24 to 01/01/24,,,,amex
04/21/24,119.52,"TARGET        027904FAIRFAX             VA, TARGET        027904FAIRFAX             VA",12/30/24 to 01/01/24,Target,Shopping (Consumer Goods),personal,amex
04/21/24,262.93,"TRADER JOE S #640 00ARLINGTON           VA, TRADER JOE S #640 00ARLINGTON           VA",12/30/24 to 01/01/24,,,,amex
04/19/24,43.17,"AMAZON.COM          AMZN.COM/BILL       WA, AMAZON.COM          AMZN.COM/BILL       WA",12/30/24 to 01/01/24,Amazon,Office Supplies & Software,office supplies,amex
04/19/24,170.27,"COUNTY SEAT RESTAURAPOWHATAN            VA, COUNTY SEAT RESTAURAPOWHATAN            VA",12/30/24 to 01/01/24,,,,amex
04/19/24,39.2,"VA ABC STORE 326 00-POWHATAN            VA, VA ABC STORE 326 00-POWHATAN            VA",12/30/24 to 01/01/24,,,,amex
04/18/24,31.42,"CVS/PHARMACY #10833 WASHINGTON          DC, CVS/PHARMACY #10833 WASHINGTON          DC",12/30/24 to 01/01/24,,,,amex
04/16/24,103.88,"VINEYARD VINES LLC  8008924982          CT, VINEYARD VINES LLC  8008924982          CT",12/30/24 to 01/01/24,,,,amex
04/15/24,149.57,"AMAZON MARKEPLACE NA PA, AMAZON MARKETPLACE NAMZN.COM/BILL       WA",12/30/24 to 01/01/24,Amazon,Office Supplies & Software,office supplies,amex
04/14/24,101.25,"SP HEMISPHERES-WINEIGLENDALE            CA, SP HEMISPHERES-WINEIGLENDALE            CA",12/30/24 to 01/01/24,,,,amex
04/13/24,40.82,"FEALS, INC          844-311-9090        CO, FEALS, INC          844-311-9090        CO",12/30/24 to 01/01/24,Ffeals,,louisa,amex
04/13/24,110.72,"HARRIS TEETER #308 0VIENNA              VA, HARRIS TEETER #308 0VIENNA              VA",12/30/24 to 01/01/24,Harris Teeter,Food,,amex
04/13/24,55.71,"VESTA  AT&T         866-608-3007        OR, VESTA  AT&T         866-608-3007        OR",12/30/24 to 01/01/24,At&t,,louisa,amex
04/12/24,48.13,"TST* TATTE BAKERY - WASHINGTON          DC, TST* TATTE BAKERY - WASHINGTON          DC",12/30/24 to 01/01/24,,Food,,amex
04/11/24,43.79,"AMAZON.COM          AMZN.COM/BILL       WA, AMAZON.COM          AMZN.COM/BILL       WA",12/30/24 to 01/01/24,Amazon,Office Supplies & Software,office supplies,amex
04/11/24,5.99,"ROKU FOR PEACOCK TV WILMINGTON          DE, ROKU FOR PEACOCK TV WILMINGTON          DE",12/30/24 to 01/01/24,Roku,Entertainment,monthly,amex
04/05/24,525.0,"MYEYEDR 101117 VA-DUVIENNA              VA, MYEYEDR 101117 VA-DUVIENNA              VA",12/30/24 to 01/01/24,,,,amex
04/05/24,48.13,"SLEEPY HOLLOW GAS 46FALLS CHURCH        VA, SLEEPY HOLLOW GAS 46FALLS CHURCH        VA",12/30/24 to 01/01/24,,,,amex
04/04/24,287.5,"EVERLOVED* TYLER HUNSAN FRANCISCO       CA, EVERLOVED* TYLER HUNSAN FRANCISCO       CA",12/30/24 to 01/01/24,,,,amex
04/04/24,38.56,"THE LOGAN PHILA FB  PHILADELPHIA        PA, THE LOGAN PHILA FB  PHILADELPHIA        PA",12/30/24 to 01/01/24,,,,amex
04/01/24,193.73,"GOOGLE*ADS8454880227CC GOOGLE.COM, GOOGLE*ADS8454880227CC GOOGLE.COM",12/30/24 to 01/01/24,Google,COGS,paid media,amex
04/01/24,12.17,"GOOGLE*CLOUD VFSZXK  G.CO HELPPAY#, GOOGLE*CLOUD VFSZXK  G.CO HELPPAY#",12/30/24 to 01/01/24,Google,,,amex
04/01/24,5.0,"PATREON* MEMBERSHIP SAN FRANCISCO       CA, PATREON* MEMBERSHIP SAN FRANCISCO       CA",12/30/24 to 01/01/24,Patreon,Entertainment,monthly,amex
04/01/24,7.2,"SQUARESPACE 12134443NEW YORK            NY, SQUARESPACE 12134443NEW YORK            NY",12/30/24 to 01/01/24,SquareSpace,Office Supplies & Software,software,amex
03/28/24,33.45,"SUNOCO 8000046102 80DUNN LORING         VA, SUNOCO 8000046102 80DUNN LORING         VA",12/30/24 to 01/01/24,Sunoco,Gas,,amex
03/27/24,-178.08,"REVOLVE             CERRITOS            CA, REVOLVE             CERRITOS            CA",12/30/24 to 01/01/24,,,,amex
03/25/24,529.93,"JW MARRIOTT         WASHINGTON          DC, JW MARRIOTT         WASHINGTON          DC",12/30/24 to 01/01/24,,,,amex
03/25/24,195.0,"RENEWAL MEMBERSHIP FEE, RENEWAL MEMBERSHIP FEE",12/30/24 to 01/01/24,,,,amex
03/25/24,14.21,"SP+AFF* DR. BRANDT SSAN FRANCISCO       CA, SP+AFF* DR. BRANDT SSAN FRANCISCO       CA",12/30/24 to 01/01/24,,,,amex
03/18/24,250.16,"BLOOMINGDALES.COM   800-777-0000        OH, BLOOMINGDALES.COM   800-777-0000        OH",12/30/24 to 01/01/24,Bloomingdales,Shopping (Consumer Goods),,amex
03/18/24,178.08,"REVOLVE             CERRITOS            CA, REVOLVE             CERRITOS            CA",12/30/24 to 01/01/24,,,,amex
03/17/24,42.82,"AMAZON.COM          AMZN.COM/BILL       WA, AMAZON.COM          AMZN.COM/BILL       WA",12/30/24 to 01/01/24,Amazon,Office Supplies & Software,office supplies,amex
03/16/24,40.26,"AMAZON MARKEPLACE NA PA, AMAZON MARKETPLACE NAMZN.COM/BILL       WA",12/30/24 to 01/01/24,Amazon,Office Supplies & Software,office supplies,amex
03/14/24,55.71,"VESTA  AT&T         866-608-3007        OR, VESTA  AT&T         866-608-3007        OR",12/30/24 to 01/01/24,At&t,,louisa,amex
03/13/24,1900.58,"ARTICLE 17238       TACOMA              WA, ARTICLE 17238       TACOMA              WA",12/30/24 to 01/01/24,,,,amex
03/13/24,157.94,"ARTICLE 83931       TACOMA              WA, ARTICLE 83931       TACOMA              WA",12/30/24 to 01/01/24,,,,amex
03/13/24,34.98,"FEALS, INC          844-311-9090        CO, FEALS, INC          844-311-9090        CO",12/30/24 to 01/01/24,Ffeals,,louisa,amex
03/13/24,40.82,"FEALS, INC          844-311-9090        CO, FEALS, INC          844-311-9090        CO",12/30/24 to 01/01/24,Ffeals,,louisa,amex
03/13/24,22.47,"TASTE OF T* TASTE OFHOUSTON             TX, TASTE OF T* TASTE OFHOUSTON             TX",12/30/24 to 01/01/24,,,,amex
03/13/24,135.0,"WWW.THUMBTACK.COM   MONTGOMERY VILLAGE  MD, WWW.THUMBTACK.COM   MONTGOMERY VILLAGE  MD",12/30/24 to 01/01/24,Thumbtack,,louisa,amex
03/11/24,5.99,"ROKU FOR PEACOCK TV WILMINGTON          DE, ROKU FOR PEACOCK TV WILMINGTON          DE",12/30/24 to 01/01/24,Roku,Entertainment,monthly,amex
03/11/24,14.22,"SP+AFF* DR. BRANDT SSAN FRANCISCO       CA, SP+AFF* DR. BRANDT SSAN FRANCISCO       CA",12/30/24 to 01/01/24,,,,amex
03/10/24,67.23,"AMAZON MARKEPLACE NA PA, AMAZON MARKETPLACE NAMZN.COM/BILL       WA",12/30/24 to 01/01/24,Amazon,Office Supplies & Software,office supplies,amex
03/09/24,50.0,"SP BODYOGRAPHY      SAN DIEGO           CA, SP BODYOGRAPHY      SAN DIEGO           CA",12/30/24 to 01/01/24,,,,amex
03/09/24,10.0,"STARBUCKS           800-782-7282        WA, STARBUCKS           800-782-7282        WA",12/30/24 to 01/01/24,Starbucks,Food,,amex
03/05/24,21.19,"AMAZON MARKEPLACE NA PA, AMAZON MARKETPLACE NAMZN.COM/BILL       WA",12/30/24 to 01/01/24,Amazon,Office Supplies & Software,office supplies,amex
03/01/24,172.94,"GOOGLE *ADS845488022CC@GOOGLE.COM       CA, GOOGLE *ADS845488022CC@GOOGLE.COM       CA",12/30/24 to 01/01/24,Google,COGS,paid media,amex
03/01/24,9.68,"GOOGLE *CLOUD SW5M99 G.CO/HELPPAY#      CA, GOOGLE *CLOUD SW5M99 G.CO/HELPPAY#      CA",12/30/24 to 01/01/24,Google,,,amex
03/01/24,5.0,"PATREON* MEMBERSHIP SAN FRANCISCO       CA, PATREON* MEMBERSHIP SAN FRANCISCO       CA",12/30/24 to 01/01/24,Patreon,Entertainment,monthly,amex
03/01/24,7.2,"SQUARESPACE INC.    NEW YORK            NY, SQUARESPACE INC.    NEW YORK            NY",12/30/24 to 01/01/24,SquareSpace,Office Supplies & Software,software,amex
02/26/24,14.22,"SP+AFF* DR. BRANDT SSAN FRANCISCO       CA, SP+AFF* DR. BRANDT SSAN FRANCISCO       CA",12/30/24 to 01/01/24,,,,amex
02/24/24,102.79,"AMAZON MARKEPLACE NA PA, AMAZON MARKETPLACE NAMZN.COM/BILL       WA",12/30/24 to 01/01/24,Amazon,Office Supplies & Software,office supplies,amex
02/22/24,38.09,"SPRINKLES #509      WASHINGTON, DC      DC, SPRINKLES #509      WASHINGTON, DC      DC",12/30/24 to 01/01/24,,,,amex
02/18/24,-48.75,"TARGET        027904FAIRFAX             VA, TARGET        027904FAIRFAX             VA",12/30/24 to 01/01/24,Target,Shopping (Consumer Goods),personal,amex
02/16/24,66.15,"BT*MLG*TERRITORY FOOARLINGTON           VA, BT*MLG*TERRITORY FOOARLINGTON           VA",12/30/24 to 01/01/24,,,,amex
02/14/24,30.0,"ONE MEDICAL         SAN FRANCISCO       CA, ONE MEDICAL         SAN FRANCISCO       CA",12/30/24 to 01/01/24,,,,amex
02/13/24,49.88,"IC* INSTACART       SAN FRANCISCO       CA, IC* INSTACART       SAN FRANCISCO       CA",12/30/24 to 01/01/24,Instacart,Food,louisa,amex
02/13/24,55.71,"VESTA  AT&T         866-608-3007        OR, VESTA  AT&T         866-608-3007        OR",12/30/24 to 01/01/24,At&t,,louisa,amex
02/12/24,49.25,"IC* INSTACART       SAN FRANCISCO       CA, IC* INSTACART       SAN FRANCISCO       CA",12/30/24 to 01/01/24,Instacart,Food,louisa,amex
02/11/24,5.99,"ROKU FOR PEACOCK TV WILMINGTON          DE, ROKU FOR PEACOCK TV WILMINGTON          DE",12/30/24 to 01/01/24,Roku,Entertainment,monthly,amex
02/11/24,14.22,"SP+AFF* DR. BRANDT SSAN FRANCISCO       CA, SP+AFF* DR. BRANDT SSAN FRANCISCO       CA",12/30/24 to 01/01/24,,,,amex
02/10/24,127.2,"LOVEVERY, INC.      BOISE               ID, LOVEVERY, INC.      BOISE               ID",12/30/24 to 01/01/24,,,,amex
02/10/24,66.79,"SP RMS BEAUTY       CHARLESTON          SC, SP RMS BEAUTY       CHARLESTON          SC",12/30/24 to 01/01/24,,,,amex
02/09/24,135.0,"WWW.THUMBTACK.COM   MONTGOMERY VILLAGE  MD, WWW.THUMBTACK.COM   MONTGOMERY VILLAGE  MD",12/30/24 to 01/01/24,Thumbtack,,louisa,amex
02/01/24,174.92,"GOOGLE*ADS8454880227CC GOOGLE.COM, GOOGLE*ADS8454880227CC GOOGLE.COM",12/30/24 to 01/01/24,Google,COGS,paid media,amex
02/01/24,0.32,"GOOGLE*CLOUD 7GZKNH  G.CO HELPPAY#, GOOGLE*CLOUD 7GZKNH  G.CO HELPPAY#",12/30/24 to 01/01/24,Google,,,amex
02/01/24,5.0,"PATREON* MEMBERSHIP SAN FRANCISCO       CA, PATREON* MEMBERSHIP SAN FRANCISCO       CA",12/30/24 to 01/01/24,Patreon,Entertainment,monthly,amex
02/01/24,7.2,"SQUARESPACE INC.    NEW YORK            NY, SQUARESPACE INC.    NEW YORK            NY",12/30/24 to 01/01/24,SquareSpace,Office Supplies & Software,software,amex
01/31/24,66.52,"AMAZON.COM          AMZN.COM/BILL       WA, AMAZON.COM          AMZN.COM/BILL       WA",12/30/24 to 01/01/24,Amazon,Office Supplies & Software,office supplies,amex
01/30/24,52.99,"AMAZON MARKEPLACE NA PA, AMAZON MARKETPLACE NAMZN.COM/BILL       WA",12/30/24 to 01/01/24,Amazon,Office Supplies & Software,office supplies,amex
01/26/24,29.99,"VANITY FAIR         800-365-0635        NY, VANITY FAIR         800-365-0635        NY",12/30/24 to 01/01/24,Vanity Fair,,louisa,amex
01/25/24,136.74,"VICTOR O'NEILL STUDIMCLEAN              VA, VICTOR O'NEILL STUDIMCLEAN              VA",12/30/24 to 01/01/24,,,,amex
01/23/24,105.16,"TARGET.COM          800-591-3869        MN, TARGET.COM          800-591-3869        MN",12/30/24 to 01/01/24,Target,Shopping (Consumer Goods),personal,amex
01/21/24,254.4,"SP AURATE NEW YORK  NEW YORK            NY, SP AURATE NEW YORK  NEW YORK            NY",12/30/24 to 01/01/24,,,,amex
01/21/24,41.2,"WWW.WANADA* THE 2024WASHINGTON          DC, WWW.WANADA* THE 2024WASHINGTON          DC",12/30/24 to 01/01/24,,,,amex
01/20/24,60.27,"TFK-FAIRFAX VA      FAIRFAX             VA, TFK-FAIRFAX VA      FAIRFAX             VA",12/30/24 to 01/01/24,,,,amex
01/18/24,12.11,"FACTOR75            BATAVIA             IL, FACTOR75            BATAVIA             IL",12/30/24 to 01/01/24,,,,amex
01/18/24,20.18,"FACTOR75            BATAVIA             IL, FACTOR75            BATAVIA             IL",12/30/24 to 01/01/24,,,,amex
01/18/24,87.76,"FACTOR75            NEW YORK            NY, FACTOR75            NEW YORK            NY",12/30/24 to 01/01/24,,,,amex
01/18/24,4.0,"IC* INSTACART       SAN FRANCISCO       CA, IC* INSTACART       SAN FRANCISCO       CA",12/30/24 to 01/01/24,Instacart,Food,louisa,amex
01/18/24,72.59,"IC* INSTACART       SAN FRANCISCO       CA, IC* INSTACART       SAN FRANCISCO       CA",12/30/24 to 01/01/24,Instacart,Food,louisa,amex
01/14/24,58.93,"VESTA  AT&T         866-608-3007        OR, VESTA  AT&T         866-608-3007        OR",12/30/24 to 01/01/24,At&t,,louisa,amex
01/13/24,-21.19,"AMAZON MARKETPLACE NAMZN.COM/BILL       WA, AMAZON MARKETPLACE NAMZN.COM/BILL       WA",12/30/24 to 01/01/24,Amazon,Office Supplies & Software,office supplies,amex
01/11/24,5.99,"ROKU FOR PEACOCK TV WILMINGTON          DE, ROKU FOR PEACOCK TV WILMINGTON          DE",12/30/24 to 01/01/24,Roku,Entertainment,monthly,amex
01/11/24,192.0,"SQUARESPACE INC.    NEW YORK            NY, SQUARESPACE INC.    NEW YORK            NY",12/30/24 to 01/01/24,SquareSpace,Office Supplies & Software,software,amex
01/09/24,335.0,"WWW.THUMBTACK.COM   MONTGOMERY VILLAGE  MD, WWW.THUMBTACK.COM   MONTGOMERY VILLAGE  MD",12/30/24 to 01/01/24,Thumbtack,,louisa,amex
01/08/24,5.25,"UBER EATS           help.uber.com       CA, UBER EATS           help.uber.com       CA",12/30/24 to 01/01/24,Uber,Travel and Transportation,,amex
01/08/24,24.71,"UBER EATS           help.uber.com       CA, UBER EATS           help.uber.com       CA",12/30/24 to 01/01/24,Uber,Travel and Transportation,,amex
01/07/24,51.25,"AMAZON MARKEPLACE NA PA, AMAZON MARKETPLACE NAMZN.COM/BILL       WA",12/30/24 to 01/01/24,Amazon,Office Supplies & Software,office supplies,amex
01/06/24,21.19,"AMAZON MARKEPLACE NA PA, AMAZON MARKETPLACE NAMZN.COM/BILL       WA",12/30/24 to 01/01/24,Amazon,Office Supplies & Software,office supplies,amex
01/01/24,193.93,"GOOGLE*ADS8454880227CC GOOGLE.COM, GOOGLE*ADS8454880227CC GOOGLE.COM",12/30/24 to 01/01/24,Google,COGS,paid media,amex
01/01/24,0.01,"GOOGLE*CLOUD 37DD3V  G.CO HELPPAY#, GOOGLE*CLOUD 37DD3V  G.CO HELPPAY#",12/30/24 to 01/01/24,Google,,,amex
01/01/24,5.0,"PATREON* MEMBERSHIP SAN FRANCISCO       CA, PATREON* MEMBERSHIP SAN FRANCISCO       CA",12/30/24 to 01/01/24,Patreon,Entertainment,monthly,amex
01/01/24,78.86,"TARGET        027904FAIRFAX             VA, TARGET        027904FAIRFAX             VA",12/30/24 to 01/01/24,Target,Shopping (Consumer Goods),personal,amex
12/31/24,159.11,ATM WTHDRWL ON 12/31 @ 19:08 AKBANK/FATIH SINAN AKBANK/FATIH SINAN M ISTANBUL CARD NBR: -9365,12/31/24 to 01/02/24,,,,vacu
12/31/24,82.0,PROG ADVANCED    INS PREM,12/31/24 to 01/02/24,,,,vacu
12/30/24,48.83,WASHINGTON GAS   PAYMENT,12/31/24 to 01/02/24,,,,vacu
12/26/24,225.0,SAINT KATHERINE  CONTRIBUTN,12/31/24 to 01/02/24,,,,vacu
12/21/24,14.95,DBT PURCHASE ON 12/20 @ 00:23  5968 Audible*Z95LE8 1 WASHINGTON PARK Amzn.com/bill         NJ CARD NBR: -9365,12/31/24 to 01/02/24,Amazon,Office Supplies & Software,office supplies,vacu
12/18/24,266.04,"ATM WTHDRWL ON 12/18 @ 14:21 Patision 30,Athens Patision 30,Athens ATHENS CARD NBR: -9365",12/31/24 to 01/02/24,,,,vacu
12/16/24,76.68,DOMINION ENERGY  BILLPAY,12/31/24 to 01/02/24,,,,vacu
12/12/24,801.8,DEPT EDUCATION   STUDENT LN,12/31/24 to 01/02/24,,,,vacu
12/11/24,80.0,VENMO            PAYMENT,12/31/24 to 01/02/24,,,,vacu
12/10/24,215.0,VENMO            PAYMENT,12/31/24 to 01/02/24,,,,vacu
12/10/24,-2965.0,VENMO            CASHOUT,12/31/24 to 01/02/24,,,,vacu
12/05/24,1600.0,Check,12/31/24 to 01/02/24,,,,vacu
12/03/24,24.89,WASHINGTON GAS   PAYMENT,12/31/24 to 01/02/24,,,,vacu
12/03/24,3521.7,XFR from DDA 9008 to SAV 1363,12/31/24 to 01/02/24,,,,vacu
12/02/24,17.48,POS PURCHASE ON 12/02 @ 17:46  5942 AMAZON.COM*ZL3 AMAZON.COM SEATTLE               WA CARD NBR: -9365,12/31/24 to 01/02/24,Amazon,,,vacu
12/02/24,86.28,APPLECARD GSBANK PAYMENT,12/31/24 to 01/02/24,,,,vacu
12/02/24,82.0,PROG ADVANCED    INS PREM,12/31/24 to 01/02/24,,,,vacu
12/02/24,5.0,PAYPAL           INST XFER,12/31/24 to 01/02/24,,,,vacu
12/02/24,4.99,DBT PURCHASE ON 11/30 @ 23:31  5818 Prime Video Ch 440 Terry Ave N amzn.com/bill         WA CARD NBR: -9365,12/31/24 to 01/02/24,Amazon,Office Supplies & Software,office supplies,vacu
11/30/24,19.06,POS PURCHASE ON 11/30 @ 01:44  4816 AMAZON.COM*Z31 AMAZON.COM SEATTLE               WA CARD NBR: -9365,12/31/24 to 01/02/24,Amazon,,,vacu
11/29/24,29.21,POS PURCHASE ON 11/29 @ 03:32  5942 AMAZON.COM*Z33 AMAZON.COM SEATTLE               WA CARD NBR: -9365,12/31/24 to 01/02/24,Amazon,,,vacu
11/29/24,18.75,DBT PURCHASE ON 11/27 @ 21:43  5812 DD *DOORDASH S 303 2ND STREET 8559731040            CA CARD NBR: -9365,12/31/24 to 01/02/24,DoorDash,Food,louisa,vacu
11/27/24,15.89,POS PURCHASE ON 11/27 @ 09:33  4816 AMAZON.COM*Z32 AMAZON.COM SEATTLE               WA CARD NBR: -9365,12/31/24 to 01/02/24,Amazon,,,vacu
11/27/24,110.05,"DBT PURCHASE ON 11/26 @ 23:35  5411 IC* WEGMANS VI 50 Beale Street, 6 SAN FRANCISCO         CA CARD NBR: -9365",12/31/24 to 01/02/24,,,,vacu
11/27/24,26.01,DBT PURCHASE ON 11/26 @ 23:34  5812 DD *DOORDASH S 303 2ND STREET 8559731040            CA CARD NBR: -9365,12/31/24 to 01/02/24,DoorDash,Food,louisa,vacu
11/25/24,955.8,VENMO            PAYMENT,12/31/24 to 01/02/24,,,,vacu
11/25/24,225.0,SAINT KATHERINE  CONTRIBUTN,12/31/24 to 01/02/24,,,,vacu
11/21/24,89.83,POS PURCHASE ON 11/21 @ 16:20  5815 GOOGLE *FI RCN GOOGLE *FI RCNZXK MOUNTAIN VIEW         CA CARD NBR: -9365,12/31/24 to 01/02/24,Google,Cell Phone,phone,vacu
11/21/24,14.95,DBT PURCHASE ON 11/20 @ 22:34  5968 Audible*869QD8 1 WASHINGTON PARK Amzn.com/bill         NJ CARD NBR: -9365,12/31/24 to 01/02/24,Amazon,Office Supplies & Software,office supplies,vacu
11/18/24,225.84,POS PURCHASE ON 11/17 @ 16:42  5411 WEGMANS TYSONS 1835 CAPTIAL ONE D TYSONS                VA CARD NBR: -9365,12/31/24 to 01/02/24,,,,vacu
11/18/24,5.0,"DBT PURCHASE ON 11/16 @ 00:00  7372 NOTION LABS, I 2300 Harrison Stre SAN FRANCISCO         CA CARD NBR: -9365",12/31/24 to 01/02/24,Notion,Office Supplies & Software,software,vacu
11/15/24,7.99,POS PURCHASE ON 11/15 @ 06:46  5815 GOOGLE *YOUTUB GOOGLE *YOUTUBEPRE MOUNTAIN VIEW         CA CARD NBR: -9365,12/31/24 to 01/02/24,Google,Entertainment,monthly,vacu
11/15/24,1059.98,FAIRFAX VA COUN  PP-ECHECK,12/31/24 to 01/02/24,,,,vacu
11/13/24,801.54,DEPT EDUCATION   STUDENT LN,12/31/24 to 01/02/24,,,,vacu
11/13/24,116.85,DOMINION ENERGY  BILLPAY,12/31/24 to 01/02/24,,,,vacu
11/12/24,300.0,VENMO            PAYMENT,12/31/24 to 01/02/24,,,,vacu
11/12/24,10.0,VENMO            PAYMENT,12/31/24 to 01/02/24,,,,vacu
11/07/24,100.0,VENMO            PAYMENT,12/31/24 to 01/02/24,,,,vacu
11/04/24,1640.0,Check,12/31/24 to 01/02/24,,,,vacu
11/04/24,5.3,PAYPAL           INST XFER,12/31/24 to 01/02/24,,,,vacu
11/04/24,-3136.08,VENMO            CASHOUT,12/31/24 to 01/02/24,,,,vacu
11/04/24,3521.7,XFR from DDA 9008 to SAV 1363,12/31/24 to 01/02/24,,,,vacu
11/01/24,166.52,APPLECARD GSBANK PAYMENT,12/31/24 to 01/02/24,,,,vacu
11/01/24,5.0,PAYPAL           INST XFER,12/31/24 to 01/02/24,,,,vacu
11/01/24,4.99,DBT PURCHASE ON 10/31 @ 22:40  5818 Prime Video Ch 440 Terry Ave N amzn.com/bill         WA CARD NBR: -9365,12/31/24 to 01/02/24,Amazon,Office Supplies & Software,office supplies,vacu
10/31/24,2451.13,VENMO            PAYMENT,12/31/24 to 01/02/24,,,,vacu
10/30/24,82.02,PROG ADVANCED    INS PREM,12/31/24 to 01/02/24,,,,vacu
10/28/24,27.71,WASHINGTON GAS   PAYMENT,12/31/24 to 01/02/24,,,,vacu
10/28/24,1160.6,XFR from DDA 9008 to SAV 1363,12/31/24 to 01/02/24,,,,vacu
10/25/24,225.0,SAINT KATHERINE  CONTRIBUTN,12/31/24 to 01/02/24,,,,vacu
10/25/24,-13448.57,WITT O'BRIEN'S P PAYMENTS,12/31/24 to 01/02/24,,,,vacu
10/25/24,169.55,POS PURCHASE ON 10/25 @ 00:14  4816 AMAZON.COM*Z40 AMAZON.COM SEATTLE               WA CARD NBR: -9365,12/31/24 to 01/02/24,Amazon,,,vacu
10/24/24,7.28,POS PURCHASE ON 10/23 @ 19:30  4816 AMAZON.COM*D92 AMAZON.COM SEATTLE               WA CARD NBR: -9365,12/31/24 to 01/02/24,Amazon,,,vacu
10/21/24,89.83,POS PURCHASE ON 10/21 @ 10:09  5815 GOOGLE *FI Z7F GOOGLE *FI Z7FNW6 MOUNTAIN VIEW         CA CARD NBR: -9365,12/31/24 to 01/02/24,Google,Cell Phone,phone,vacu
10/21/24,14.95,DBT PURCHASE ON 10/20 @ 21:37  5968 Audible*DD67N5 1 WASHINGTON PARK Amzn.com/bill         NJ CARD NBR: -9365,12/31/24 to 01/02/24,Amazon,Office Supplies & Software,office supplies,vacu
10/18/24,20.96,POS PURCHASE ON 10/18 @ 15:53  5942 AMAZON.COM*6S8 AMAZON.COM SEATTLE               WA CARD NBR: -9365,12/31/24 to 01/02/24,Amazon,,,vacu
10/18/24,54.04,POS PURCHASE ON 10/18 @ 12:10  4816 AMAZON.COM*X13 AMAZON.COM SEATTLE               WA CARD NBR: -9365,12/31/24 to 01/02/24,Amazon,,,vacu
10/18/24,-998.75,"WITT O'BRIEN'S,  PAYMENTS",12/31/24 to 01/02/24,,,,vacu
10/17/24,5.0,"DBT PURCHASE ON 10/16 @ 23:53  7372 NOTION LABS, I 548 Market St #745 SAN FRANCISCO         CA CARD NBR: -9365",12/31/24 to 01/02/24,Notion,Office Supplies & Software,software,vacu
10/16/24,100.0,VENMO            PAYMENT,12/31/24 to 01/02/24,,,,vacu
10/16/24,48.06,DOMINION ENERGY  BILLPAY,12/31/24 to 01/02/24,,,,vacu
10/16/24,-1980.93,VENMO            CASHOUT,12/31/24 to 01/02/24,,,,vacu
10/15/24,7.99,POS PURCHASE ON 10/15 @ 07:46  5815 GOOGLE *YOUTUB GOOGLE *YOUTUBEPRE MOUNTAIN VIEW         CA CARD NBR: -9365,12/31/24 to 01/02/24,Google,Entertainment,monthly,vacu
10/15/24,3020.69,VENMO            PAYMENT,12/31/24 to 01/02/24,,,,vacu
10/15/24,801.28,DEPT EDUCATION   STUDENT LN,12/31/24 to 01/02/24,,,,vacu
10/15/24,1160.6,XFR from DDA 9008 to SAV 1363,12/31/24 to 01/02/24,,,,vacu
10/08/24,1705.0,Check,12/31/24 to 01/02/24,,,,vacu
10/07/24,19.08,PAYPAL           INST XFER,12/31/24 to 01/02/24,,,,vacu
10/07/24,17.9,PAYPAL           INST XFER,12/31/24 to 01/02/24,,,,vacu
10/03/24,3521.7,XFR from DDA 9008 to SAV 1363,12/31/24 to 01/02/24,,,,vacu
10/02/24,5.3,PAYPAL           INST XFER,12/31/24 to 01/02/24,,,,vacu
10/01/24,176.02,APPLECARD GSBANK PAYMENT,12/31/24 to 01/02/24,,,,vacu
10/01/24,75.13,PROG ADVANCED    INS PREM,12/31/24 to 01/02/24,,,,vacu
10/01/24,-2161.18,VENMO            CASHOUT,12/31/24 to 01/02/24,,,,vacu
10/01/24,4.99,DBT PURCHASE ON 09/30 @ 23:33  5818 Prime Video Ch 440 Terry Ave N amzn.com/bill         WA CARD NBR: -9365,12/31/24 to 01/02/24,Amazon,Office Supplies & Software,office supplies,vacu
09/30/24,23.92,WASHINGTON GAS   PAYMENT,12/31/24 to 01/02/24,,,,vacu
09/30/24,12.01,EBAY COMJKO87KMG PAYMENTS,12/31/24 to 01/02/24,,,,vacu
09/30/24,1160.6,XFR from DDA 9008 to SAV 1363,12/31/24 to 01/02/24,,,,vacu
09/30/24,-51.64,EBAY COMCN7WMBFE PAYMENTS,12/31/24 to 01/02/24,,,,vacu
09/27/24,-7567.31,WITT O'BRIEN'S P PAYMENTS,12/31/24 to 01/02/24,,,,vacu
09/25/24,225.0,SAINT KATHERINE  CONTRIBUTN,12/31/24 to 01/02/24,,,,vacu
09/21/24,93.42,POS PURCHASE ON 09/21 @ 06:31  5815 GOOGLE *FI DZP GOOGLE *FI DZPXW2 MOUNTAIN VIEW         CA CARD NBR: -9365,12/31/24 to 01/02/24,Google,Cell Phone,phone,vacu
09/21/24,14.95,DBT PURCHASE ON 09/20 @ 22:51  5968 Audible*WJ9812 1 WASHINGTON PARK Amzn.com/bill         NJ CARD NBR: -9365,12/31/24 to 01/02/24,Amazon,Office Supplies & Software,office supplies,vacu
09/19/24,1850.0,Check,12/31/24 to 01/02/24,,,,vacu
09/19/24,-925.0,VENMO            CASHOUT,12/31/24 to 01/02/24,,,,vacu
09/17/24,180.0,VENMO            PAYMENT,12/31/24 to 01/02/24,,,,vacu
09/17/24,5.0,"DBT PURCHASE ON 09/16 @ 23:53  7372 NOTION LABS, I 548 Market St #745 SAN FRANCISCO         CA CARD NBR: -9365",12/31/24 to 01/02/24,Notion,Office Supplies & Software,software,vacu
09/16/24,155.05,DOMINION ENERGY  BILLPAY,12/31/24 to 01/02/24,,,,vacu
09/16/24,85.69,IRS              USATAXPYMT,12/31/24 to 01/02/24,,,,vacu
09/16/24,1160.6,XFR from DDA 9008 to SAV 1363,12/31/24 to 01/02/24,,,,vacu
09/16/24,7.99,POS PURCHASE ON 09/15 @ 07:46  5815 GOOGLE *YOUTUB GOOGLE *YOUTUBEPRE MOUNTAIN VIEW         CA CARD NBR: -9365,12/31/24 to 01/02/24,Google,Entertainment,monthly,vacu
09/13/24,-4064.27,WITT O'BRIEN'S P PAYMENTS,12/31/24 to 01/02/24,,,,vacu
09/12/24,801.03,DEPT EDUCATION   STUDENT LN,12/31/24 to 01/02/24,,,,vacu
09/12/24,-1372.63,VENMO            CASHOUT,12/31/24 to 01/02/24,,,,vacu
09/11/24,1625.27,VENMO            PAYMENT,12/31/24 to 01/02/24,,,,vacu
09/09/24,-2353.5,VENMO            CASHOUT,12/31/24 to 01/02/24,,,,vacu
09/07/24,-2000.0,XFR from SAV 1363 to DDA 9008,12/31/24 to 01/02/24,,,,vacu
09/04/24,-25.0,VENMO            CASHOUT,12/31/24 to 01/02/24,,,,vacu
09/03/24,1107.0,VENMO            PAYMENT,12/31/24 to 01/02/24,,,,vacu
09/03/24,63.09,APPLECARD GSBANK PAYMENT,12/31/24 to 01/02/24,,,,vacu
09/03/24,5.3,PAYPAL           INST XFER,12/31/24 to 01/02/24,,,,vacu
09/03/24,3521.7,XFR from DDA 9008 to SAV 1363,12/31/24 to 01/02/24,,,,vacu
09/03/24,1160.6,XFR from DDA 9008 to SAV 1363,12/31/24 to 01/02/24,,,,vacu
09/03/24,4.99,DBT PURCHASE ON 08/31 @ 21:27  5818 Prime Video Ch 440 Terry Ave N amzn.com/bill         WA CARD NBR: -9365,12/31/24 to 01/02/24,Amazon,Office Supplies & Software,office supplies,vacu
08/30/24,75.17,PROG ADVANCED    INS PREM,12/31/24 to 01/02/24,,,,vacu
08/30/24,-4014.27,WITT O'BRIEN'S P PAYMENTS,12/31/24 to 01/02/24,,,,vacu
08/29/24,24.91,WASHINGTON GAS   PAYMENT,12/31/24 to 01/02/24,,,,vacu
08/27/24,-338.24,VENMO            CASHOUT,12/31/24 to 01/02/24,,,,vacu
08/26/24,225.0,SAINT KATHERINE  CONTRIBUTN,12/31/24 to 01/02/24,,,,vacu
08/23/24,1152.75,VENMO            PAYMENT,12/31/24 to 01/02/24,,,,vacu
08/23/24,42.0,VENMO            PAYMENT,12/31/24 to 01/02/24,,,,vacu
08/21/24,89.69,POS PURCHASE ON 08/21 @ 08:23  5815 GOOGLE *FI T7H GOOGLE *FI T7H9M9 MOUNTAIN VIEW         CA CARD NBR: -9365,12/31/24 to 01/02/24,Google,Cell Phone,phone,vacu
08/21/24,14.95,DBT PURCHASE ON 08/20 @ 23:41  5968 Audible*RU7RP7 1 WASHINGTON PARK Amzn.com/bill         NJ CARD NBR: -9365,12/31/24 to 01/02/24,Amazon,Office Supplies & Software,office supplies,vacu
08/19/24,1160.6,XFR from DDA 9008 to SAV 1363,12/31/24 to 01/02/24,,,,vacu
08/17/24,3931.87,XFR from DDA 9008 to SAV 1363,12/31/24 to 01/02/24,,,,vacu
08/17/24,5.0,"DBT PURCHASE ON 08/16 @ 01:00  7372 NOTION LABS, I 548 Market St #745 SAN FRANCISCO         CA CARD NBR: -9365",12/31/24 to 01/02/24,Notion,Office Supplies & Software,software,vacu
08/16/24,-4014.27,WITT O'BRIEN'S P PAYMENTS,12/31/24 to 01/02/24,,,,vacu
08/15/24,800.0,Check,12/31/24 to 01/02/24,,,,vacu
08/15/24,7.99,POS PURCHASE ON 08/15 @ 07:46  5815 GOOGLE *YOUTUB GOOGLE *YOUTUBEPRE MOUNTAIN VIEW         CA CARD NBR: -9365,12/31/24 to 01/02/24,Google,Entertainment,monthly,vacu
08/15/24,3196.17,VENMO            PAYMENT,12/31/24 to 01/02/24,,,,vacu
08/15/24,-2510.73,VENMO            CASHOUT,12/31/24 to 01/02/24,,,,vacu
08/14/24,191.08,DOMINION ENERGY  BILLPAY,12/31/24 to 01/02/24,,,,vacu
08/13/24,800.78,DEPT EDUCATION   STUDENT LN,12/31/24 to 01/02/24,,,,vacu
08/12/24,100.0,VENMO            PAYMENT,12/31/24 to 01/02/24,,,,vacu
08/12/24,80.0,VENMO            PAYMENT,12/31/24 to 01/02/24,,,,vacu
08/05/24,200.0,VENMO            PAYMENT,12/31/24 to 01/02/24,,,,vacu
08/05/24,1160.6,XFR from DDA 9008 to SAV 1363,12/31/24 to 01/02/24,,,,vacu
08/03/24,3521.7,XFR from DDA 9008 to SAV 1363,12/31/24 to 01/02/24,,,,vacu
08/02/24,5.3,PAYPAL           INST XFER,12/31/24 to 01/02/24,,,,vacu
08/02/24,-4064.26,WITT O'BRIEN'S P PAYMENTS,12/31/24 to 01/02/24,,,,vacu
08/01/24,82.38,APPLECARD GSBANK PAYMENT,12/31/24 to 01/02/24,,,,vacu
08/01/24,-1800.0,VENMO            CASHOUT,12/31/24 to 01/02/24,,,,vacu
08/01/24,4.99,DBT PURCHASE ON 07/31 @ 21:43  5818 Prime Video Ch 440 Terry Ave N amzn.com/bill         WA CARD NBR: -9365,12/31/24 to 01/02/24,Amazon,Office Supplies & Software,office supplies,vacu
07/30/24,75.17,PROG ADVANCED    INS PREM,12/31/24 to 01/02/24,,,,vacu
07/29/24,21.25,WASHINGTON GAS   PAYMENT,12/31/24 to 01/02/24,,,,vacu
07/26/24,375.0,VENMO            PAYMENT,12/31/24 to 01/02/24,,,,vacu
07/26/24,-175.0,VENMO            CASHOUT,12/31/24 to 01/02/24,,,,vacu
07/25/24,1163.0,Check,12/31/24 to 01/02/24,,,,vacu
07/25/24,225.0,SAINT KATHERINE  CONTRIBUTN,12/31/24 to 01/02/24,,,,vacu
07/25/24,9.98,PAYPAL           INST XFER,12/31/24 to 01/02/24,,,,vacu
07/24/24,5767.0,Check US TREASURY IRS  PAYMENT,12/31/24 to 01/02/24,,,,vacu
07/24/24,1041.44,THE SMILE OF THE IAT PAYPAL,12/31/24 to 01/02/24,,,,vacu
07/22/24,1160.6,XFR from DDA 9008 to SAV 1363,12/31/24 to 01/02/24,,,,vacu
07/22/24,-6930.0,SCHWAB BROKERAGE MONEYLINK,12/31/24 to 01/02/24,,,,vacu
07/22/24,89.69,POS PURCHASE ON 07/21 @ 11:19  5815 GOOGLE *FI LFR GOOGLE *FI LFR6H7 MOUNTAIN VIEW         CA CARD NBR: -9365,12/31/24 to 01/02/24,Google,Cell Phone,phone,vacu
07/22/24,14.95,DBT PURCHASE ON 07/20 @ 00:30  5968 Audible*RJ7YU3 1 WASHINGTON PARK Amzn.com/bill         NJ CARD NBR: -9365,12/31/24 to 01/02/24,Amazon,Office Supplies & Software,office supplies,vacu
07/19/24,100.0,VENMO            PAYMENT,12/31/24 to 01/02/24,,,,vacu
07/19/24,-4014.27,WITT O'BRIEN'S P PAYMENTS,12/31/24 to 01/02/24,,,,vacu
07/17/24,5.0,"DBT PURCHASE ON 07/16 @ 00:44  7372 NOTION LABS, I 548 Market St #745 SAN FRANCISCO         CA CARD NBR: -9365",12/31/24 to 01/02/24,Notion,Office Supplies & Software,software,vacu
07/16/24,4342.23,XFR from DDA 9008 to SAV 1363,12/31/24 to 01/02/24,,,,vacu
07/16/24,156.4,DOMINION ENERGY  BILLPAY,12/31/24 to 01/02/24,,,,vacu
07/15/24,7.99,POS PURCHASE ON 07/15 @ 07:46  5815 GOOGLE *YOUTUB GOOGLE *YOUTUBEPRE MOUNTAIN VIEW         CA CARD NBR: -9365,12/31/24 to 01/02/24,Google,Entertainment,monthly,vacu
07/12/24,800.52,DEPT EDUCATION   STUDENT LN,12/31/24 to 01/02/24,,,,vacu
07/10/24,1705.0,Check,12/31/24 to 01/02/24,,,,vacu
07/08/24,240.0,VENMO            PAYMENT,12/31/24 to 01/02/24,,,,vacu
07/08/24,34.49,PAYPAL           INST XFER,12/31/24 to 01/02/24,,,,vacu
07/08/24,-3956.79,VENMO            CASHOUT,12/31/24 to 01/02/24,,,,vacu
07/08/24,1160.6,XFR from DDA 9008 to SAV 1363,12/31/24 to 01/02/24,,,,vacu
07/05/24,1956.51,VENMO            PAYMENT,12/31/24 to 01/02/24,,,,vacu
07/05/24,-4377.0,VENMO            CASHOUT,12/31/24 to 01/02/24,,,,vacu
07/05/24,-4064.27,WITT O'BRIEN'S P PAYMENTS,12/31/24 to 01/02/24,,,,vacu
07/03/24,3521.7,XFR from DDA 9008 to SAV 1363,12/31/24 to 01/02/24,,,,vacu
07/02/24,75.17,PROG ADVANCED    INS PREM,12/31/24 to 01/02/24,,,,vacu
07/02/24,5.3,PAYPAL           INST XFER,12/31/24 to 01/02/24,,,,vacu
07/01/24,57.9,APPLECARD GSBANK PAYMENT,12/31/24 to 01/02/24,,,,vacu
07/01/24,4.99,DBT PURCHASE ON 06/30 @ 23:03  5818 Prime Video Ch 440 Terry Ave N amzn.com/bill         WA CARD NBR: -9365,12/31/24 to 01/02/24,Amazon,Office Supplies & Software,office supplies,vacu
06/28/24,29.39,WASHINGTON GAS   PAYMENT,12/31/24 to 01/02/24,,,,vacu
06/27/24,110.0,VENMO            PAYMENT,12/31/24 to 01/02/24,,,,vacu
06/25/24,225.0,SAINT KATHERINE  CONTRIBUTN,12/31/24 to 01/02/24,,,,vacu
06/24/24,1160.6,XFR from DDA 9008 to SAV 1363,12/31/24 to 01/02/24,,,,vacu
06/21/24,89.41,POS PURCHASE ON 06/21 @ 18:09  5815 GOOGLE *FI W57 GOOGLE *FI W57KX9 MOUNTAIN VIEW         CA CARD NBR: -9365,12/31/24 to 01/02/24,Google,Cell Phone,phone,vacu
06/21/24,-4014.26,WITT O'BRIEN'S P PAYMENTS,12/31/24 to 01/02/24,,,,vacu
06/21/24,14.95,DBT PURCHASE ON 06/20 @ 21:40  5968 Audible*TR46M7 1 WASHINGTON PARK Amzn.com/bill         NJ CARD NBR: -9365,12/31/24 to 01/02/24,Amazon,Office Supplies & Software,office supplies,vacu
06/17/24,100.0,VENMO            PAYMENT,12/31/24 to 01/02/24,,,,vacu
06/17/24,92.35,DOMINION ENERGY  BILLPAY,12/31/24 to 01/02/24,,,,vacu
06/17/24,-1000.0,VENMO            CASHOUT,12/31/24 to 01/02/24,,,,vacu
06/17/24,5.0,"DBT PURCHASE ON 06/16 @ 23:53  7372 NOTION LABS, I 548 Market St #745 SAN FRANCISCO         CA CARD NBR: -9365",12/31/24 to 01/02/24,Notion,Office Supplies & Software,software,vacu
06/15/24,7.99,POS PURCHASE ON 06/15 @ 07:46  5815 GOOGLE *YOUTUB GOOGLE *YOUTUBEPRE MOUNTAIN VIEW         CA CARD NBR: -9365,12/31/24 to 01/02/24,Google,Entertainment,monthly,vacu
06/12/24,800.27,DEPT EDUCATION   STUDENT LN,12/31/24 to 01/02/24,,,,vacu
06/11/24,1420.0,Check,12/31/24 to 01/02/24,,,,vacu
06/10/24,70.0,VENMO            PAYMENT,12/31/24 to 01/02/24,,,,vacu
06/10/24,51.16,PAYPAL           INST XFER,12/31/24 to 01/02/24,,,,vacu
06/10/24,1160.6,XFR from DDA 9008 to SAV 1363,12/31/24 to 01/02/24,,,,vacu
06/07/24,-4064.26,WITT O'BRIEN'S P PAYMENTS,12/31/24 to 01/02/24,,,,vacu
06/03/24,200.0,VENMO            PAYMENT,12/31/24 to 01/02/24,,,,vacu
06/03/24,75.88,APPLECARD GSBANK PAYMENT,12/31/24 to 01/02/24,,,,vacu
06/03/24,35.17,WASHINGTON GAS   PAYMENT,12/31/24 to 01/02/24,,,,vacu
06/03/24,5.3,PAYPAL           INST XFER,12/31/24 to 01/02/24,,,,vacu
06/03/24,3521.7,XFR from DDA 9008 to SAV 1363,12/31/24 to 01/02/24,,,,vacu
06/01/24,4.99,DBT PURCHASE ON 05/31 @ 22:34  5818 Prime Video Ch 440 Terry Ave N amzn.com/bill         WA CARD NBR: -9365,12/31/24 to 01/02/24,Amazon,Office Supplies & Software,office supplies,vacu
05/30/24,75.17,PROG ADVANCED    INS PREM,12/31/24 to 01/02/24,,,,vacu
05/28/24,2085.93,VENMO            PAYMENT,12/31/24 to 01/02/24,,,,vacu
05/28/24,225.0,SAINT KATHERINE  CONTRIBUTN,12/31/24 to 01/02/24,,,,vacu
05/28/24,-2336.27,VENMO            CASHOUT,12/31/24 to 01/02/24,,,,vacu
05/28/24,1160.6,XFR from DDA 9008 to SAV 1363,12/31/24 to 01/02/24,,,,vacu
05/24/24,-4014.27,WITT O'BRIEN'S P PAYMENTS,12/31/24 to 01/02/24,,,,vacu
05/22/24,71.41,POS PURCHASE ON 05/21 @ 22:37  5815 GOOGLE *FI WRD GOOGLE *FI WRDB8T MOUNTAIN VIEW         CA CARD NBR: -9365,12/31/24 to 01/02/24,Google,Cell Phone,phone,vacu
05/21/24,300.0,Check,12/31/24 to 01/02/24,,,,vacu
05/21/24,-102.05,GOOGLE           ADSENSE:55,12/31/24 to 01/02/24,Google,COGS,paid media,vacu
05/21/24,14.95,DBT PURCHASE ON 05/20 @ 21:58  5968 Audible*3T9L32 1 WASHINGTON PARK Amzn.com/bill         NJ CARD NBR: -9365,12/31/24 to 01/02/24,Amazon,Office Supplies & Software,office supplies,vacu
05/17/24,-1612.21,"WITT O'BRIEN'S,  PAYMENTS",12/31/24 to 01/02/24,,,,vacu
05/17/24,5.0,"DBT PURCHASE ON 05/16 @ 00:02  7372 NOTION LABS, I 548 Market St #745 SAN FRANCISCO         CA CARD NBR: -9365",12/31/24 to 01/02/24,Notion,Office Supplies & Software,software,vacu
05/17/24,4102.33,XFR from DDA 9008 to SAV 1363,12/31/24 to 01/02/24,,,,vacu
05/16/24,200.0,VENMO            PAYMENT,12/31/24 to 01/02/24,,,,vacu
05/15/24,7.99,POS PURCHASE ON 05/15 @ 07:46  5815 GOOGLE *YOUTUB GOOGLE *YOUTUBEPRE MOUNTAIN VIEW         CA CARD NBR: -9365,12/31/24 to 01/02/24,Google,Entertainment,monthly,vacu
05/15/24,81.29,DOMINION ENERGY  BILLPAY,12/31/24 to 01/02/24,,,,vacu
05/14/24,800.01,DEPT EDUCATION   STUDENT LN,12/31/24 to 01/02/24,,,,vacu
05/13/24,58.0,VENMO            PAYMENT,12/31/24 to 01/02/24,,,,vacu
05/13/24,1160.6,XFR from DDA 9008 to SAV 1363,12/31/24 to 01/02/24,,,,vacu
05/10/24,-4064.27,WITT O'BRIEN'S P PAYMENTS,12/31/24 to 01/02/24,,,,vacu
05/09/24,21.15,PAYPAL           INST XFER,12/31/24 to 01/02/24,,,,vacu
05/09/24,5.0,VENMO            PAYMENT,12/31/24 to 01/02/24,,,,vacu
05/03/24,-2400.0,GOOGLE           WALLET_CAS,12/31/24 to 01/02/24,Google,,,vacu
05/03/24,3521.7,XFR from DDA 9008 to SAV 1363,12/31/24 to 01/02/24,,,,vacu
05/02/24,1450.0,Check,12/31/24 to 01/02/24,,,,vacu
05/02/24,57.26,PAYPAL           INST XFER,12/31/24 to 01/02/24,,,,vacu
05/02/24,37.75,PAYPAL           INST XFER,12/31/24 to 01/02/24,,,,vacu
05/02/24,21.2,PAYPAL           INST XFER,12/31/24 to 01/02/24,,,,vacu
05/02/24,5.3,PAYPAL           INST XFER,12/31/24 to 01/02/24,,,,vacu
05/01/24,5116.72,VENMO            PAYMENT,12/31/24 to 01/02/24,,,,vacu
05/01/24,86.25,APPLECARD GSBANK PAYMENT,12/31/24 to 01/02/24,,,,vacu
05/01/24,-2500.0,GOOGLE           WALLET_CAS,12/31/24 to 01/02/24,Google,,,vacu
05/01/24,4.99,DBT PURCHASE ON 04/30 @ 23:32  5818 Prime Video Ch 440 Terry Ave N amzn.com/bill         WA CARD NBR: -9365,12/31/24 to 01/02/24,Amazon,Office Supplies & Software,office supplies,vacu
04/30/24,-5116.72,XFR from SAV 1363 to DDA 9008,12/31/24 to 01/02/24,,,,vacu
04/30/24,75.19,PROG ADVANCED    INS PREM,12/31/24 to 01/02/24,,,,vacu
04/29/24,43.09,PAYPAL           INST XFER,12/31/24 to 01/02/24,,,,vacu
04/29/24,1160.6,XFR from DDA 9008 to SAV 1363,12/31/24 to 01/02/24,,,,vacu
04/26/24,43.76,WASHINGTON GAS   PAYMENT,12/31/24 to 01/02/24,,,,vacu
04/26/24,-4013.16,WITT O'BRIEN'S P PAYMENTS,12/31/24 to 01/02/24,,,,vacu
04/25/24,225.0,SAINT KATHERINE  CONTRIBUTN,12/31/24 to 01/02/24,,,,vacu
04/25/24,39.79,PAYPAL           INST XFER,12/31/24 to 01/02/24,,,,vacu
04/25/24,-40.0,VENMO            CASHOUT,12/31/24 to 01/02/24,,,,vacu
04/25/24,3639.3,XFR from DDA 9008 to SAV 1363,12/31/24 to 01/02/24,,,,vacu
04/23/24,37.37,POS PURCHASE ON 04/23 @ 12:05  4816 AMAZON.COM*UD2 AMAZON.COM SEATTLE               WA CARD NBR: -9365,12/31/24 to 01/02/24,Amazon,,,vacu
04/22/24,67.74,POS PURCHASE ON 04/21 @ 09:38  5815 GOOGLE *FI MTK GOOGLE *FI MTKMTJ MOUNTAIN VIEW         CA CARD NBR: -9365,12/31/24 to 01/02/24,Google,Cell Phone,phone,vacu
04/22/24,14.95,DBT PURCHASE ON 04/20 @ 23:43  5968 Audible*UV9Q85 1 WASHINGTON PARK Amzn.com/bill         NJ CARD NBR: -9365,12/31/24 to 01/02/24,Amazon,Office Supplies & Software,office supplies,vacu
04/19/24,434.0,VENMO            PAYMENT,12/31/24 to 01/02/24,,,,vacu
04/17/24,22.78,POS PURCHASE ON 04/17 @ 15:40  5942 AMAZON.COM*T27 AMAZON.COM SEATTLE               WA CARD NBR: -9365,12/31/24 to 01/02/24,Amazon,,,vacu
04/17/24,100.0,VENMO            PAYMENT,12/31/24 to 01/02/24,,,,vacu
04/17/24,5.0,"DBT PURCHASE ON 04/16 @ 23:55  7372 NOTION LABS, I 548 Market St #745 SAN FRANCISCO         CA CARD NBR: -9365",12/31/24 to 01/02/24,Notion,Office Supplies & Software,software,vacu
04/16/24,77.24,DOMINION ENERGY  BILLPAY,12/31/24 to 01/02/24,,,,vacu
04/15/24,-3550.0,GOOGLE           WALLET_CAS,12/31/24 to 01/02/24,Google,,,vacu
04/15/24,7.99,POS PURCHASE ON 04/15 @ 07:46  5815 GOOGLE *YOUTUB GOOGLE *YOUTUBEPRE MOUNTAIN VIEW         CA CARD NBR: -9365,12/31/24 to 01/02/24,Google,Entertainment,monthly,vacu
04/15/24,1160.6,XFR from DDA 9008 to SAV 1363,12/31/24 to 01/02/24,,,,vacu
04/12/24,1510.0,Check,12/31/24 to 01/02/24,,,,vacu
04/12/24,799.76,DEPT EDUCATION   STUDENT LN,12/31/24 to 01/02/24,,,,vacu
04/12/24,-4063.17,WITT O'BRIEN'S P PAYMENTS,12/31/24 to 01/02/24,,,,vacu
04/10/24,420.0,VENMO            PAYMENT,12/31/24 to 01/02/24,,,,vacu
04/10/24,73.37,EBAY             IAT PAYPAL,12/31/24 to 01/02/24,,,,vacu
04/03/24,3521.7,XFR from DDA 9008 to SAV 1363,12/31/24 to 01/02/24,,,,vacu
04/02/24,5.3,PAYPAL           INST XFER,12/31/24 to 01/02/24,,,,vacu
04/01/24,79.27,PROG ADVANCED    INS PREM,12/31/24 to 01/02/24,,,,vacu
04/01/24,68.07,APPLECARD GSBANK PAYMENT,12/31/24 to 01/02/24,,,,vacu
04/01/24,1160.6,XFR from DDA 9008 to SAV 1363,12/31/24 to 01/02/24,,,,vacu
04/01/24,4.99,DBT PURCHASE ON 03/31 @ 22:06  5818 Prime Video Ch 440 Terry Ave N amzn.com/bill         WA CARD NBR: -9365,12/31/24 to 01/02/24,Amazon,Office Supplies & Software,office supplies,vacu
04/01/24,-3.0,ATM SURCHARGE REBATE,12/31/24 to 01/02/24,,,,vacu
03/29/24,1056.0,VENMO            PAYMENT,12/31/24 to 01/02/24,,,,vacu
03/29/24,910.5,VENMO            PAYMENT,12/31/24 to 01/02/24,,,,vacu
03/29/24,-4013.17,WITT O'BRIEN'S P PAYMENTS,12/31/24 to 01/02/24,,,,vacu
03/28/24,81.92,WASHINGTON GAS   PAYMENT,12/31/24 to 01/02/24,,,,vacu
03/25/24,528.0,VENMO            PAYMENT,12/31/24 to 01/02/24,,,,vacu
03/25/24,225.0,SAINT KATHERINE  CONTRIBUTN,12/31/24 to 01/02/24,,,,vacu
03/25/24,75.0,VENMO            PAYMENT,12/31/24 to 01/02/24,,,,vacu
03/25/24,25.0,VENMO            PAYMENT,12/31/24 to 01/02/24,,,,vacu
03/25/24,-1833.0,GOOGLE           WALLET_CAS,12/31/24 to 01/02/24,Google,,,vacu
03/25/24,-100.0,VENMO            CASHOUT,12/31/24 to 01/02/24,,,,vacu
03/25/24,-7.3,POS RETURN ON 03/24 @ 10:06    4816 AMAZON.COM AMAZON.COM SEATTLE               WA CARD NBR: -9365,12/31/24 to 01/02/24,Amazon,,,vacu
03/22/24,100.0,VENMO            PAYMENT,12/31/24 to 01/02/24,,,,vacu
03/21/24,7.3,POS PURCHASE ON 03/21 @ 11:58  4816 AMAZON.COM*RH9 AMAZON.COM SEATTLE               WA CARD NBR: -9365,12/31/24 to 01/02/24,Amazon,,,vacu
03/21/24,79.6,POS PURCHASE ON 03/21 @ 07:40  5815 GOOGLE *FI H7M GOOGLE *FI H7MRCR MOUNTAIN VIEW         CA CARD NBR: -9365,12/31/24 to 01/02/24,Google,Cell Phone,phone,vacu
03/21/24,14.95,DBT PURCHASE ON 03/20 @ 22:36  5968 Audible*RH2KR1 1 WASHINGTON PARK Amzn.com/bill         NJ CARD NBR: -9365,12/31/24 to 01/02/24,Amazon,Office Supplies & Software,office supplies,vacu
03/19/24,70.54,DOMINION ENERGY  BILLPAY,12/31/24 to 01/02/24,,,,vacu
03/18/24,1160.6,XFR CHECKING9008 TO SAVINGS1363,12/31/24 to 01/02/24,,,,vacu
03/18/24,43.0,ATM WTHDRWL ON 03/17 @ 18:09 7137 COLUMBIA PIKE 7137 COLUMBIA PIKE ANNANDALE             VA CARD NBR: -9365,12/31/24 to 01/02/24,,,,vacu
03/18/24,5.0,"DBT PURCHASE ON 03/16 @ 23:34  7372 NOTION LABS, I 548 Market St #745 SAN FRANCISCO         CA CARD NBR: -9365",12/31/24 to 01/02/24,Notion,Office Supplies & Software,software,vacu
03/18/24,29.67,POS PURCHASE ON 03/16 @ 19:44  5942 AMAZON.COM*R64 AMAZON.COM SEATTLE               WA CARD NBR: -9365,12/31/24 to 01/02/24,Amazon,,,vacu
03/15/24,-1075.0,GOOGLE           WALLET_CAS,12/31/24 to 01/02/24,Google,,,vacu
03/15/24,17429.25,XFR BONUS,12/31/24 to 01/02/24,,,,vacu
03/15/24,7.99,POS PURCHASE ON 03/15 @ 07:46  5815 GOOGLE *YOUTUB GOOGLE *YOUTUBEPRE MOUNTAIN VIEW         CA CARD NBR: -9365,12/31/24 to 01/02/24,Google,Entertainment,monthly,vacu
03/15/24,-17429.25,WITT O'BRIEN'S P PAYMENTS,12/31/24 to 01/02/24,,,,vacu
03/15/24,-4013.16,WITT O'BRIEN'S P PAYMENTS,12/31/24 to 01/02/24,,,,vacu
03/13/24,1420.0,Check,12/31/24 to 01/02/24,,,,vacu
03/12/24,799.5,DEPT EDUCATION   STUDENT LN,12/31/24 to 01/02/24,,,,vacu
03/12/24,31.24,PAYPAL           INST XFER,12/31/24 to 01/02/24,,,,vacu
03/11/24,25.92,PAYPAL           INST XFER,12/31/24 to 01/02/24,,,,vacu
03/11/24,15.42,PAYPAL           INST XFER,12/31/24 to 01/02/24,,,,vacu
03/11/24,-280.16,EBAY COMTQHCDTCT PAYMENTS,12/31/24 to 01/02/24,,,,vacu
03/08/24,40.0,VENMO            PAYMENT,12/31/24 to 01/02/24,,,,vacu
03/08/24,20.0,VENMO            PAYMENT,12/31/24 to 01/02/24,,,,vacu
03/07/24,210.0,VENMO            PAYMENT,12/31/24 to 01/02/24,,,,vacu
03/06/24,67.84,PAYPAL           INST XFER,12/31/24 to 01/02/24,,,,vacu
03/04/24,1380.2,VENMO            PAYMENT,12/31/24 to 01/02/24,,,,vacu
03/04/24,5.3,PAYPAL           INST XFER,12/31/24 to 01/02/24,,,,vacu
03/04/24,1160.6,NDx008 to SVx363 3811,12/31/24 to 01/02/24,,,,vacu
03/04/24,3521.7,NDx008 to SVx363 1567,12/31/24 to 01/02/24,,,,vacu
03/01/24,-2500.0,GOOGLE           WALLET_CAS,12/31/24 to 01/02/24,Google,,,vacu
03/01/24,146.2,APPLECARD GSBANK PAYMENT,12/31/24 to 01/02/24,,,,vacu
03/01/24,76.39,PROG ADVANCED    INS PREM,12/31/24 to 01/02/24,,,,vacu
03/01/24,-4063.17,WITT O'BRIEN'S P PAYMENTS,12/31/24 to 01/02/24,,,,vacu
03/01/24,3.99,DBT PURCHASE ON 02/29 @ 03:20  5818 Prime Video Ch 440 Terry Ave N amzn.com/bill         WA CARD NBR: -9365,12/31/24 to 01/02/24,Amazon,Office Supplies & Software,office supplies,vacu
02/29/24,86.79,WASHINGTON GAS   PAYMENT,12/31/24 to 01/02/24,,,,vacu
02/29/24,23.95,PAYPAL           INST XFER,12/31/24 to 01/02/24,,,,vacu
02/26/24,225.0,SAINT KATHERINE  CONTRIBUTN,12/31/24 to 01/02/24,,,,vacu
02/26/24,26.2,PAYPAL           INST XFER,12/31/24 to 01/02/24,,,,vacu
02/21/24,23.67,PAYPAL           INST XFER,12/31/24 to 01/02/24,,,,vacu
02/21/24,21.7,PAYPAL           INST XFER,12/31/24 to 01/02/24,,,,vacu
02/21/24,79.6,POS PURCHASE ON 02/21 @ 06:53  5815 GOOGLE *FI 6MR GOOGLE *FI 6MR8XG MOUNTAIN VIEW         CA CARD NBR: -9365,12/31/24 to 01/02/24,Google,Cell Phone,phone,vacu
02/20/24,14.95,DBT PURCHASE ON 02/20 @ 20:59  5968 Audible*RW6O72 1 WASHINGTON PARK Amzn.com/bill         NJ CARD NBR: -9365,12/31/24 to 01/02/24,Amazon,Office Supplies & Software,office supplies,vacu
02/20/24,2000.0,NDx008 to SVx363 4599,12/31/24 to 01/02/24,,,,vacu
02/20/24,77.35,DOMINION ENERGY  BILLPAY,12/31/24 to 01/02/24,,,,vacu
02/20/24,1160.6,NDx008 to SVx363 0882,12/31/24 to 01/02/24,,,,vacu
02/17/24,5.0,"DBT PURCHASE ON 02/16 @ 22:33  7372 NOTION LABS, I 548 Market St #745 SAN FRANCISCO         CA CARD NBR: -9365",12/31/24 to 01/02/24,Notion,Office Supplies & Software,software,vacu
02/16/24,-4013.16,WITT O'BRIEN'S P PAYMENTS,12/31/24 to 01/02/24,,,,vacu
02/15/24,-1000.0,GOOGLE           WALLET_CAS,12/31/24 to 01/02/24,Google,,,vacu
02/15/24,7.99,POS PURCHASE ON 02/15 @ 06:46  5815 GOOGLE *YOUTUB GOOGLE *YOUTUBEPRE MOUNTAIN VIEW         CA CARD NBR: -9365,12/31/24 to 01/02/24,Google,Entertainment,monthly,vacu
02/13/24,-2000.0,SVx363 to NDx008 6012,12/31/24 to 01/02/24,,,,vacu
02/13/24,799.25,DEPT EDUCATION   STUDENT LN,12/31/24 to 01/02/24,,,,vacu
02/12/24,1420.0,Check,12/31/24 to 01/02/24,,,,vacu
02/12/24,22.0,"DBT PURCHASE ON 02/11 @ 09:07  7523 LAZ PARKING M0 101 H. ST, SE WASHINGTON            DC CARD NBR: -9365",12/31/24 to 01/02/24,,,,vacu
02/12/24,176.0,VENMO            PAYMENT,12/31/24 to 01/02/24,,,,vacu
02/09/24,100.0,VENMO            PAYMENT,12/31/24 to 01/02/24,,,,vacu
02/06/24,72.99,POS PURCHASE ON 02/06 @ 18:31  5815 GOOGLE *YOUTUB GOOGLE *YOUTUBE TV MOUNTAIN VIEW         CA CARD NBR: -9365,12/31/24 to 01/02/24,Google,Entertainment,monthly,vacu
02/06/24,3006.98,NDx008 to SVx363 2118,12/31/24 to 01/02/24,,,,vacu
02/05/24,38.73,IRS              USATAXPYMT,12/31/24 to 01/02/24,,,,vacu
02/05/24,38.73,IRS              USATAXPYMT,12/31/24 to 01/02/24,,,,vacu
02/05/24,1160.6,NDx008 to SVx363 5710,12/31/24 to 01/02/24,,,,vacu
02/03/24,3521.7,NDx008 to SVx363 9920,12/31/24 to 01/02/24,,,,vacu
02/02/24,5.3,PAYPAL           INST XFER,12/31/24 to 01/02/24,,,,vacu
02/02/24,-4063.17,WITT O'BRIEN'S P PAYMENTS,12/31/24 to 01/02/24,,,,vacu
02/02/24,-1477.23,"WITT O'BRIEN'S,  PAYMENTS",12/31/24 to 01/02/24,,,,vacu
02/01/24,-1890.0,GOOGLE           WALLET_CAS,12/31/24 to 01/02/24,Google,,,vacu
02/01/24,100.0,VENMO            PAYMENT,12/31/24 to 01/02/24,,,,vacu
02/01/24,78.9,APPLECARD GSBANK PAYMENT,12/31/24 to 01/02/24,,,,vacu
02/01/24,-800.0,SVx682 to NDx008 1689,12/31/24 to 01/02/24,,,,vacu
02/01/24,4000.0,NDx008 to SVx682 1678,12/31/24 to 01/02/24,,,,vacu
01/31/24,3.99,DBT PURCHASE ON 01/31 @ 20:36  5818 Prime Video Ch 440 Terry Ave N amzn.com/bill         WA CARD NBR: -9365,12/31/24 to 01/02/24,Amazon,Office Supplies & Software,office supplies,vacu
01/31/24,3955.48,VENMO            PAYMENT,12/31/24 to 01/02/24,,,,vacu
01/31/24,46.31,DBT PURCHASE ON 01/31 @ 02:32  5411 IC* INSTACART 50 Beal St Suite 6 San Francisco         CA CARD NBR: -9365,12/31/24 to 01/02/24,Instacart,Food,louisa,vacu
01/30/24,44.17,POS PURCHASE ON 01/30 @ 07:29  5411 IC* INSTACART WWW.INSTACART.COM/ SAN FRANCISCO         CA CARD NBR: -9365,12/31/24 to 01/02/24,Instacart,Food,louisa,vacu
01/30/24,77.83,PROG ADVANCED    INS PREM,12/31/24 to 01/02/24,,,,vacu
01/30/24,-2852.73,VENMO            CASHOUT,12/31/24 to 01/02/24,,,,vacu
01/29/24,72.1,WASHINGTON GAS   PAYMENT,12/31/24 to 01/02/24,,,,vacu
01/29/24,50.0,VENMO            PAYMENT,12/31/24 to 01/02/24,,,,vacu
01/29/24,12.99,DBT PURCHASE ON 01/28 @ 02:37  7841 Google TV 1600 Amphitheatre Mountain View         CA CARD NBR: -9365,12/31/24 to 01/02/24,Google,,,vacu
01/26/24,4311.64,NDx008 to SVx363 2075,12/31/24 to 01/02/24,,,,vacu
01/26/24,-4000.0,GOOGLE           WALLET_CAS,12/31/24 to 01/02/24,Google,,,vacu
01/25/24,225.0,SAINT KATHERINE  CONTRIBUTN,12/31/24 to 01/02/24,,,,vacu
01/23/24,40.0,VENMO            PAYMENT,12/31/24 to 01/02/24,,,,vacu
01/23/24,139.0,DBT PURCHASE ON 01/22 @ 22:47  5968 Amazon Prime*R 440 Terry Ave N Amzn.com/bill         WA CARD NBR: -9365,12/31/24 to 01/02/24,Amazon,Office Supplies & Software,office supplies,vacu
01/22/24,1160.6,NDx008 to SVx363 4698,12/31/24 to 01/02/24,,,,vacu
01/22/24,79.6,POS PURCHASE ON 01/21 @ 08:25  5815 GOOGLE *FI VTV GOOGLE *FI VTVX5K MOUNTAIN VIEW         CA CARD NBR: -9365,12/31/24 to 01/02/24,Google,Cell Phone,phone,vacu
01/22/24,14.95,DBT PURCHASE ON 01/20 @ 21:54  5968 Audible*R08CI4 1 WASHINGTON PARK Amzn.com/bill         NJ CARD NBR: -9365,12/31/24 to 01/02/24,Amazon,Office Supplies & Software,office supplies,vacu
01/19/24,-4013.16,WITT O'BRIEN'S P PAYMENTS,12/31/24 to 01/02/24,,,,vacu
01/17/24,68.2,DOMINION ENERGY  BILLPAY,12/31/24 to 01/02/24,,,,vacu
01/17/24,-1250.0,VENMO            CASHOUT,12/31/24 to 01/02/24,,,,vacu
01/17/24,5.0,"DBT PURCHASE ON 01/16 @ 21:08  7372 NOTION LABS, I 548 Market St #745 SAN FRANCISCO         CA CARD NBR: -9365",12/31/24 to 01/02/24,Notion,Office Supplies & Software,software,vacu
01/16/24,80.0,VENMO            PAYMENT,12/31/24 to 01/02/24,,,,vacu
01/16/24,7.99,POS PURCHASE ON 01/15 @ 06:46  5815 GOOGLE *YOUTUB GOOGLE *YOUTUBEPRE MOUNTAIN VIEW         CA CARD NBR: -9365,12/31/24 to 01/02/24,Google,Entertainment,monthly,vacu
01/12/24,799.0,DEPT EDUCATION   STUDENT LN,12/31/24 to 01/02/24,,,,vacu
01/12/24,3.0,POS PURCHASE ON 01/11 @ 19:40  5411 IC* INSTACART* WWW.INSTACART.COM/ SAN FRANCISCO         CA CARD NBR: -9365,12/31/24 to 01/02/24,Instacart,Food,louisa,vacu
01/12/24,49.88,POS PURCHASE ON 01/11 @ 18:22  5411 IC* INSTACART* WWW.INSTACART.COM/ SAN FRANCISCO         CA CARD NBR: -9365,12/31/24 to 01/02/24,Instacart,Food,louisa,vacu
01/09/24,1510.0,Check,12/31/24 to 01/02/24,,,,vacu
01/08/24,1160.6,NDx008 to SVx363 9729,12/31/24 to 01/02/24,,,,vacu
01/08/24,45.6,POS PURCHASE ON 01/06 @ 17:20  5411 IC* INSTACART WWW.INSTACART.COM/ SAN FRANCISCO         CA CARD NBR: -9365,12/31/24 to 01/02/24,Instacart,Food,louisa,vacu
01/06/24,72.99,POS PURCHASE ON 01/06 @ 18:31  5815 GOOGLE *YOUTUB GOOGLE *YOUTUBE TV MOUNTAIN VIEW         CA CARD NBR: -9365,12/31/24 to 01/02/24,Google,Entertainment,monthly,vacu
01/05/24,-4063.17,WITT O'BRIEN'S P PAYMENTS,12/31/24 to 01/02/24,,,,vacu
01/04/24,50.31,POS PURCHASE ON 01/04 @ 10:38  5411 IC* INSTACART* WWW.INSTACART.COM/ SAN FRANCISCO         CA CARD NBR: -9365,12/31/24 to 01/02/24,Instacart,Food,louisa,vacu
01/03/24,2475.03,VENMO            PAYMENT,12/31/24 to 01/02/24,,,,vacu
01/03/24,-2095.99,VENMO            CASHOUT,12/31/24 to 01/02/24,,,,vacu
01/03/24,-1540.64,VENMO            CASHOUT,12/31/24 to 01/02/24,,,,vacu
01/03/24,3521.7,NDx008 to SVx363 9208,12/31/24 to 01/02/24,,,,vacu
01/02/24,-2500.0,GOOGLE           WALLET_CAS,12/31/24 to 01/02/24,Google,,,vacu
01/02/24,6769.42,XFR CHASE 100423,12/31/24 to 01/02/24,,,,vacu
01/02/24,96.46,APPLECARD GSBANK PAYMENT,12/31/24 to 01/02/24,,,,vacu
01/02/24,77.83,PROG ADVANCED    INS PREM,12/31/24 to 01/02/24,,,,vacu
01/02/24,38.43,IRS              USATAXPYMT,12/31/24 to 01/02/24,,,,vacu
01/02/24,38.43,IRS              USATAXPYMT,12/31/24 to 01/02/24,,,,vacu
01/02/24,5.3,PAYPAL           INST XFER,12/31/24 to 01/02/24,,,,vacu
01/02/24,3.99,DBT PURCHASE ON 12/31 @ 22:33  5818 Prime Video Ch 440 Terry Ave N amzn.com/bill         WA CARD NBR: -9365,12/31/24 to 01/02/24,Amazon,Office Supplies & Software,office supplies,vacu
01/02/24,-3.0,ATM SURCHARGE REBATE,12/31/24 to 01/02/24,,,,vacu
12/31/24,25.8,"SOTIRIOS SPANOS KAI, Travel, Sale",12/31/24 to 11/18/24,,,,chase
12/31/24,91.92,"GB ROOF GARDEN, Food & Drink, Sale",12/31/24 to 11/18/24,,,,chase
12/30/24,28.4,"MASOUTIS 563 PSILA ALONIA, Groceries, Sale",12/31/24 to 11/18/24,,,,chase
12/30/24,37.34,"ZANAR, Food & Drink, Sale",12/31/24 to 11/18/24,,,,chase
12/29/24,10.34,"WONDER NEST RET MON. A, Shopping, Sale",12/31/24 to 11/18/24,,,,chase
12/29/24,2.61,"ATTIKI ODOS, Travel, Sale",12/31/24 to 11/18/24,ATTIKI Odos,Travel and Transportation,,chase
12/29/24,2.61,"ATTIKI ODOS, Travel, Sale",12/31/24 to 11/18/24,ATTIKI Odos,Travel and Transportation,,chase
12/27/24,7.1,"GLYKIA GEFSI EE, Food & Drink, Sale",12/31/24 to 11/18/24,,,,chase
12/27/24,63.5,"Wolt, Food & Drink, Sale",12/31/24 to 11/18/24,Wolt,Food,,chase
12/24/24,3.66,"PSITOPOLIS PATRA E E, Food & Drink, Sale",12/31/24 to 11/18/24,,,,chase
12/24/24,6.48,"LIAKOU NIKI, Health & Wellness, Sale",12/31/24 to 11/18/24,,,,chase
12/24/24,3.0,"Blink, Shopping, Sale",12/31/24 to 11/18/24,Amazon,Shopping (Consumer Goods),,chase
12/23/24,7.52,"APOLLONION, Food & Drink, Sale",12/31/24 to 11/18/24,,,,chase
12/23/24,2.09,"KOFOU GEORGIA, Shopping, Sale",12/31/24 to 11/18/24,,,,chase
12/23/24,2.5,"SPILIOTI ANTONIA, Shopping, Sale",12/31/24 to 11/18/24,,,,chase
12/23/24,145.23,"NIKOLAOS P.SAKELLARIS AE, Shopping, Sale",12/31/24 to 11/18/24,,,,chase
12/22/24,175.84,"BARAONDA, Food & Drink, Sale",12/31/24 to 11/18/24,,,,chase
12/22/24,9.9,"ANCHO_FOOD_CHALANDRI, Food & Drink, Sale",12/31/24 to 11/18/24,,,,chase
12/22/24,2.42,"PENTELICIOUS, Food & Drink, Sale",12/31/24 to 11/18/24,,,,chase
12/20/24,21.07,"OASA ETICKET POS, Travel, Sale",12/31/24 to 11/18/24,,,,chase
12/20/24,21.07,"OASA ETICKET POS, Travel, Sale",12/31/24 to 11/18/24,,,,chase
12/20/24,4.73,"ST KOUTIKAS &amp; SIA OE, Health & Wellness, Sale",12/31/24 to 11/18/24,,,,chase
12/20/24,2.51,"MY MARKET 551 PENTELI, Groceries, Sale",12/31/24 to 11/18/24,,,,chase
12/20/24,35.95,"Wolt, Food & Drink, Sale",12/31/24 to 11/18/24,Wolt,Food,,chase
12/19/24,10.75,"UBER   *TRIP, Travel, Sale",12/31/24 to 11/18/24,Uber,Travel and Transportation,,chase
12/19/24,2.11,"UBER *TRIP HELP.UBER.COM, Travel, Sale",12/31/24 to 11/18/24,Uber,Travel and Transportation,,chase
12/18/24,4.84,"EMMANOUIL PAPOUTSIS, Shopping, Sale",12/31/24 to 11/18/24,,,,chase
12/18/24,87.14,"ATTIKA POLIKATASTIMATA, Shopping, Sale",12/31/24 to 11/18/24,,,,chase
12/18/24,5.37,"PENTELICIOUS, Food & Drink, Sale",12/31/24 to 11/18/24,,,,chase
12/17/24,2.74,"EVEREST GOLDEN HALL, Food & Drink, Sale",12/31/24 to 11/18/24,,,,chase
12/17/24,80.97,"ETAIREIA SYMVOLAIOGR, Professional Services, Sale",12/31/24 to 11/18/24,,,,chase
12/16/24,-4.9,"SP DEADAI, Shopping, Return",12/31/24 to 11/18/24,,,,chase
12/16/24,7.99,"GOOGLE *YouTubePremium, Shopping, Sale",12/31/24 to 11/18/24,Google,Entertainment,monthly,chase
12/16/24,157.89,"BROOKS BROTHERS, Shopping, Sale",12/31/24 to 11/18/24,Brooks Brothers,Shopping (Consumer Goods),,chase
12/15/24,5.06,"PENTELICIOUS, Food & Drink, Sale",12/31/24 to 11/18/24,,,,chase
12/15/24,8.32,"KOTSIS EE PENTELI, Food & Drink, Sale",12/31/24 to 11/18/24,,,,chase
12/15/24,4.9,"SP DEADAI, Shopping, Sale",12/31/24 to 11/18/24,,,,chase
12/15/24,5.67,"MY MARKET 551 PENTELI, Groceries, Sale",12/31/24 to 11/18/24,,,,chase
12/15/24,31.86,"BURROS OE, Food & Drink, Sale",12/31/24 to 11/18/24,,,,chase
12/13/24,-96.45,"AMAZON MKTPLACE PMTS, Shopping, Return",12/31/24 to 11/18/24,Amazon,Shopping (Consumer Goods),,chase
12/13/24,38.0,"Vodafone Roaming Services, Bills & Utilities, Sale",12/31/24 to 11/18/24,,,,chase
12/13/24,38.53,"UBER   *TRIP, Travel, Sale",12/31/24 to 11/18/24,Uber,Travel and Transportation,,chase
12/13/24,-228.95,"AMAZON MKTPLACE PMTS, Shopping, Return",12/31/24 to 11/18/24,Amazon,Shopping (Consumer Goods),,chase
12/13/24,21.04,"MY MARKET 551 PENTELI, Groceries, Sale",12/31/24 to 11/18/24,,,,chase
12/13/24,8.0,"GOOGLE *Google Nest, Shopping, Sale",12/31/24 to 11/18/24,Google,,monthly,chase
12/12/24,78.35,"UBER   *TRIP, Travel, Sale",12/31/24 to 11/18/24,Uber,Travel and Transportation,,chase
12/12/24,-152.62,"AMAZON MKTPLACE PMTS, Shopping, Return",12/31/24 to 11/18/24,Amazon,Shopping (Consumer Goods),,chase
12/12/24,19.02,"HARRIS TEETER #308, Groceries, Sale",12/31/24 to 11/18/24,Harris Teeter,Food,,chase
12/12/24,3.72,"UBER   *TRIP, Travel, Sale",12/31/24 to 11/18/24,Uber,Travel and Transportation,,chase
12/11/24,200.0,"FOUNDATIONS PHYSICAL T, Health & Wellness, Sale",12/31/24 to 11/18/24,Foundations Physical Therapy,Health & Wellness,,chase
12/11/24,37.78,"UBER   *EATS, Food & Drink, Sale",12/31/24 to 11/18/24,Uber,Travel and Transportation,,chase
12/11/24,55.54,"TARGET        00014316, Shopping, Sale",12/31/24 to 11/18/24,Target,Shopping (Consumer Goods),personal,chase
12/10/24,12.53,"TROPICAL SMOOTHIE CAFE VA, Food & Drink, Sale",12/31/24 to 11/18/24,Tropical Smoothie,Food,,chase
12/10/24,12.06,"AMAZON MKTPL*ZR4N16161, Shopping, Sale",12/31/24 to 11/18/24,Amazon,Shopping (Consumer Goods),,chase
12/10/24,6.97,"7-ELEVEN 10722, Gas, Sale",12/31/24 to 11/18/24,7-Eleven,Gas,,chase
12/09/24,12.72,"AMAZON MKTPL*ZR1D80CD1, Shopping, Sale",12/31/24 to 11/18/24,Amazon,Shopping (Consumer Goods),,chase
12/09/24,20.09,"Caboose II LLC, Food & Drink, Sale",12/31/24 to 11/18/24,Caboose,,,chase
12/09/24,132.32,"TST*URBANO MOSAIC, Food & Drink, Sale",12/31/24 to 11/18/24,,Food,,chase
12/09/24,26.33,"HARRIS TEETER #308, Groceries, Sale",12/31/24 to 11/18/24,Harris Teeter,Food,,chase
12/09/24,18.4,"WHOLEFDS TYS 10049, Groceries, Sale",12/31/24 to 11/18/24,,,,chase
12/08/24,-12.53,"TROPICAL SMOOTHIE CAFE VA, Food & Drink, Return",12/31/24 to 11/18/24,Tropical Smoothie,Food,,chase
12/08/24,159.46,"IC* WEGMANS VIA INSTAC, Groceries, Sale",12/31/24 to 11/18/24,,,,chase
12/08/24,40.26,"SHELL OIL 57543774202, Gas, Sale",12/31/24 to 11/18/24,,,,chase
12/08/24,15.0,"Wikimedia, Gifts & Donations, Sale",12/31/24 to 11/18/24,Wikimedia,Charity,,chase
12/08/24,37.09,"AMAZON MKTPL*ZR8KZ4E10, Shopping, Sale",12/31/24 to 11/18/24,Amazon,Shopping (Consumer Goods),,chase
12/08/24,14.95,"TST* DISTRICT TACO - DUNN, Food & Drink, Sale",12/31/24 to 11/18/24,,Food,,chase
12/08/24,179.14,"AMAZON MKTPL*ZR6492NY0, Shopping, Sale",12/31/24 to 11/18/24,Amazon,Shopping (Consumer Goods),,chase
12/08/24,100.49,"TST*INCA SOCIAL - VIENNA, Food & Drink, Sale",12/31/24 to 11/18/24,,Food,,chase
12/08/24,206.43,"LENSRENTALS.COM, Shopping, Sale",12/31/24 to 11/18/24,,,,chase
12/06/24,6.57,"STARBUCKS STORE 22728, Food & Drink, Sale",12/31/24 to 11/18/24,Starbucks,Food,,chase
12/06/24,7.27,"TING* INV#MI-3715672, Bills & Utilities, Sale",12/31/24 to 11/18/24,Ting,Cell Phone,phone,chase
12/06/24,96.6,"Preply Inc., Education, Sale",12/31/24 to 11/18/24,Preply,,,chase
12/06/24,12.53,"TROPICAL SMOOTHIE CAFE VA, Food & Drink, Sale",12/31/24 to 11/18/24,Tropical Smoothie,Food,,chase
12/06/24,25.97,"HARRIS TEETER #308, Groceries, Sale",12/31/24 to 11/18/24,Harris Teeter,Food,,chase
12/05/24,23.97,"HARRIS TEETER #308, Groceries, Sale",12/31/24 to 11/18/24,Harris Teeter,Food,,chase
12/05/24,19.44,"TST* DISTRICT TACO - DUNN, Food & Drink, Sale",12/31/24 to 11/18/24,,Food,,chase
12/04/24,66.24,"SQ *CARDINAL TAILORING &amp;, Personal, Sale",12/31/24 to 11/18/24,,,,chase
12/03/24,-4713.99,"AUTOMATIC PAYMENT - THANK, , Payment",12/31/24 to 11/18/24,,,,chase
12/03/24,12.53,"TROPICAL SMOOTHIE CAFE VA, Food & Drink, Sale",12/31/24 to 11/18/24,Tropical Smoothie,Food,,chase
12/03/24,5.99,"Amazon Music*ZL1BP0G30, Shopping, Sale",12/31/24 to 11/18/24,Amazon,,,chase
12/02/24,47.18,"SP FUSELENSES, Health & Wellness, Sale",12/31/24 to 11/18/24,,,,chase
12/02/24,70.0,"EZPASSVA AUTO REPLENISH, Travel, Sale",12/31/24 to 11/18/24,EZPASSVA,Travel and Transportation,personal,chase
12/02/24,9.25,"PUBLIX #1591, Groceries, Sale",12/31/24 to 11/18/24,,,,chase
12/01/24,28.98,"SHEETZ 2565   00025650, Gas, Sale",12/31/24 to 11/18/24,,,,chase
12/01/24,9.99,"IC* INSTACART*SUBSCRIP, Groceries, Sale",12/31/24 to 11/18/24,Instacart,Food,louisa,chase
12/01/24,33.11,"FOOD LION #1361, Groceries, Sale",12/31/24 to 11/18/24,,,,chase
11/28/24,171.71,"SP TRAVELPRO LUGGAGE, Shopping, Sale",12/31/24 to 11/18/24,,,,chase
11/28/24,15.6,"Wikimedia, Gifts & Donations, Sale",12/31/24 to 11/18/24,Wikimedia,Charity,,chase
11/28/24,13.38,"7-ELEVEN 10721, Gas, Sale",12/31/24 to 11/18/24,7-Eleven,Gas,,chase
11/27/24,24.82,"UBER   *TRIP, Travel, Sale",12/31/24 to 11/18/24,Uber,Travel and Transportation,,chase
11/27/24,19.7,"TST*SURREAL, Food & Drink, Sale",12/31/24 to 11/18/24,,Food,,chase
11/27/24,10.0,"SMARTRIP WASHINGTON DC, Travel, Sale",12/31/24 to 11/18/24,,,,chase
11/26/24,168.35,"UPWORK * -756425862, Professional Services, Sale",12/31/24 to 11/18/24,Upwork,Professional fees,labor,chase
11/26/24,-19.03,"AMAZON MKTPLACE PMTS, Shopping, Return",12/31/24 to 11/18/24,Amazon,Shopping (Consumer Goods),,chase
11/25/24,3.0,"Blink, Shopping, Sale",12/31/24 to 11/18/24,Amazon,Shopping (Consumer Goods),,chase
11/25/24,12.0,"713 BOWLERO TYSONS - ARCA, Entertainment, Sale",12/31/24 to 11/18/24,,,,chase
11/24/24,17.98,"BALDUCCI'S #3602, Groceries, Sale",12/31/24 to 11/18/24,,,,chase
11/24/24,62.0,"SKRABEK, Shopping, Sale",12/31/24 to 11/18/24,,,,chase
11/24/24,225.0,"Tilicare LLC, Automotive, Sale",12/31/24 to 11/18/24,,,,chase
11/24/24,34.05,"HARRIS TEETER #308, Groceries, Sale",12/31/24 to 11/18/24,Harris Teeter,Food,,chase
11/24/24,38.12,"EXXON SUN DUNN LORING, Gas, Sale",12/31/24 to 11/18/24,,,,chase
11/24/24,114.83,"PAN AM RESTAURANT, Food & Drink, Sale",12/31/24 to 11/18/24,,,,chase
11/24/24,16.08,"SAFEWAY 2616, Groceries, Sale",12/31/24 to 11/18/24,,,,chase
11/24/24,51.45,"GOOGLE *FI xF78GJ, Bills & Utilities, Sale",12/31/24 to 11/18/24,Google,Cell Phone,phone,chase
11/22/24,-26.5,"TARGET        00014316, Shopping, Return",12/31/24 to 11/18/24,Target,Shopping (Consumer Goods),personal,chase
11/22/24,19.03,"AMAZON MKTPL*5L6NJ9UO3, Shopping, Sale",12/31/24 to 11/18/24,Amazon,Shopping (Consumer Goods),,chase
11/21/24,478.02,"AMAZON MKTPL*9N2SB3TV3, Shopping, Sale",12/31/24 to 11/18/24,Amazon,Shopping (Consumer Goods),,chase
11/21/24,12.53,"TROPICAL SMOOTHIE CAFE VA, Food & Drink, Sale",12/31/24 to 11/18/24,Tropical Smoothie,Food,,chase
11/21/24,25.0,"Tilicare LLC, Automotive, Sale",12/31/24 to 11/18/24,,,,chase
11/20/24,15.56,"HARRIS TEETER #308, Groceries, Sale",12/31/24 to 11/18/24,Harris Teeter,Food,,chase
11/20/24,149.0,"WWW.TRAININGPEAKS.COM, Shopping, Sale",12/31/24 to 11/18/24,Training Peaks,Health & Wellness,,chase
11/19/24,110.25,"UPWORK * -754248788, Professional Services, Sale",12/31/24 to 11/18/24,Upwork,Professional fees,labor,chase
11/19/24,49.41,"HARRIS TEETER #308, Groceries, Sale",12/31/24 to 11/18/24,Harris Teeter,Food,,chase
11/19/24,12.53,"TROPICAL SMOOTHIE CAFE VA, Food & Drink, Sale",12/31/24 to 11/18/24,Tropical Smoothie,Food,,chase
11/18/24,33.79,"WEGMANS TYSONS CRNR #115, Groceries, Sale",12/31/24 to 11/18/24,,,,chase
11/18/24,81.12,"TST*LULUS WINE GARDEN, Food & Drink, Sale",12/31/24 to 11/18/24,,Food,,chase
